TRT,YR,ST,REP,Total Available Nitrogen (TAN),Available Inorganic Nitrogen (AIN),Mineralized Organic Nitrogen (biological N),Total Available Nitrogen (WEN),Water Extractable Organic Nitrogen (WEON),Total Inorganic Nitrogen (TIN),NO3-N,NH4-N, $ of Nitrogen Saved ,Total Available P as P2O5,Total Available Phosphorus as P,Available Inorganic P as P2O5 ,Available Inorganic P,Mineralized Organic P as P2O5,Mineralized Organic P as P,Available Potassium as K2O,Available Potassium as K, NPK Value as $/a ,One day respiration (Solvita CO2-C),Water Extractable Organic Carbon (WEOC),Organic C:N ratio,Organic N:P ratio,% Microbially Active Carbon,Soil Health Calculation,Aluminum,Iron,Calcium,Magnesium,Sodium,Sulfur as S,Boron,Manganese,Copper,Zinc,Calcium + Magnesium / Aluminum,% P Saturation Iron + Aluminum,% P Saturation Calcium,Ca:Mg,Plant Effective CEC (PECEC),Ca Need,Ca,Mg
1,1,1,1,82,63.8,18.2,41,9.1,31.9,27.9,4,9.84,70.9,15.5,61.8,13.5,9,2,187.2,77.7,186.98,25.5,97.1,10.7,3.6,26.3,5.4,36,13,395,119,9,4,0.22,3,0.2,0.62,14.28,27.6,3.4,3.32,3.3,117.9,59.2,17.8
1,1,1,2,82,64.4,17.6,42.2,10,32.2,28.6,3.6,9.51,61.8,13.5,57.3,12.5,4.5,1,213.6,88.7,194.9,21.7,98.7,9.9,6.7,22,5.1,32,10,397,117,9,5,0.25,3,0.22,0.64,16.06,29.8,3.1,3.39,3.3,115.7,59.3,17.5
1,1,1,3,91.9,76.2,15.7,49.4,11.3,38.1,34.8,3.3,8.46,145.4,31.7,134.2,29.3,11.2,2.4,468,194.3,386,19.3,111.5,9.9,2.4,17.3,5.3,38,15,388,104,10,6,0.25,4,0.2,0.73,12.95,55.3,7.6,3.73,3.5,173.1,55.6,14.9
2,1,1,1,80.5,63,17.5,42.4,10.9,31.5,28.3,3.2,9.44,59.4,13,59.1,12.9,0.3,0.1,170.4,70.7,170.05,20.2,100.9,9.2,109.1,20,5.1,34,10,369,108,8,4,0.23,3,0.2,0.57,14.03,29.3,3.5,3.42,3.1,101.5,59.8,17.5
2,1,1,2,95.1,79.6,15.5,50.9,11.1,39.8,36.9,2.9,8.38,63,13.8,56.8,12.4,6.2,1.4,204,84.7,197.78,18.3,104.8,9.4,4.3,17.5,5,37,12,425,131,9,7,0.27,3,0.2,0.62,15.03,25.3,2.9,3.24,3.6,131.8,58.9,18.1
2,1,1,3,80.6,72.8,7.8,40.3,3.9,36.4,33.4,3,4.22,48.1,10.5,40.3,8.8,7.8,1.7,208.8,86.7,182.93,27.3,105.2,26.9,1.8,26,5.2,34,14,362,106,9,6,0.27,5,0.2,0.61,13.76,18.3,2.4,3.42,3.1,113.8,58.8,17.2
3,1,1,1,76.6,57.4,19.2,38.3,9.6,28.7,25.8,2.9,10.38,45.8,10,45.3,9.9,0.4,0.1,134.4,55.8,140.54,28.8,96.9,10.1,96.1,29.7,5.8,37,11,409,128,9,5,0.21,3,0.2,1.16,14.51,20.6,2.4,3.2,3.4,115,59.6,18.7
3,1,1,2,67.6,51.4,16.2,33.8,8.1,25.7,23,2.7,8.76,50.4,11,39.4,8.6,11,2.4,144,59.8,143.64,36.5,103,12.7,3.4,35.4,6.5,34,12,396,118,9,4,0.21,4,0.2,0.54,15.12,18.7,2.2,3.36,3.3,100.4,60.3,18
3,1,1,3,83.5,70,13.5,45.5,10.5,35,31.4,3.6,7.27,47,10.3,44,9.6,3.1,0.7,240,99.6,199.98,19.9,124.3,11.8,7.5,16,5.5,32,11,399,120,9,5,0.25,3,0.2,0.59,16.22,22.3,2.4,3.33,3.4,128.9,58.5,17.6
4,1,1,1,77,57.8,19.2,40.3,11.4,28.9,25.9,3,10.35,47.2,10.3,41.7,9.1,5.5,1.2,170.4,70.7,160.35,23.1,110,9.6,6,21,5.7,38,13,371,105,9,5,0.23,4,0.2,0.57,12.53,17.8,2.5,3.53,3.1,98.6,60,17
4,1,1,2,81.9,64,17.9,43.7,11.7,32,29.6,2.4,9.66,71.2,15.5,62.3,13.6,8.9,1.9,225.6,93.6,207.1,23.5,123.1,10.5,3.4,19.1,6,47,21,461,120,9,5,0.29,8,0.2,0.7,12.36,20,3,3.84,3.8,100,61.3,16
4,1,1,3,82.5,75,7.5,46.9,9.4,37.5,34.5,3,4.05,35.8,7.8,33.4,7.3,2.3,0.5,158.4,65.7,149.81,10.3,103.3,11,5.5,10,4,35,13,360,117,9,5,0.21,5,0.2,0.63,13.63,15.2,2,3.08,3.1,126.4,57.8,18.8
5,1,1,1,70.4,52,18.4,35.2,9.2,26,22.8,3.2,9.95,45.8,10,40.8,8.9,5,1.1,163.2,67.7,152.2,47.4,111.9,12.1,8.4,42.4,7.9,30,9,356,105,8,4,0.21,2,0.21,0.55,15.37,22.8,2.5,3.39,3,97,59.8,17.7
5,1,1,2,71.8,51.8,20,40.6,14.7,25.9,22.2,3.7,10.81,47.9,10.5,45.3,9.9,2.6,0.6,187.2,77.7,166.79,18.7,109.9,7.5,13.4,17,5.5,31,11,364,114,9,5,0.25,3,0.2,0.55,15.42,23.6,2.7,3.19,3.1,121.4,58.3,18.3
5,1,1,3,100.2,99.8,0.4,50.1,0.2,49.9,45.9,4,0.22,36.4,7.9,35.7,7.8,0.7,0.1,213.6,88.7,188.46,27,113.8,541.9,1,23.7,5,27,9,383,113,10,5,0.2,3,0.23,0.64,18.37,21.7,2,3.39,3.2,111.8,59.3,17.5
6,1,1,1,72.8,57.4,15.4,36.4,7.7,28.7,24.9,3.8,8.33,41.2,9,35.7,7.8,5.5,1.2,100.8,41.8,118.12,40,104.7,13.6,6.4,38.2,6.9,31,9,380,122,8,4,0.22,3,0.2,0.54,16.19,19.5,2.1,3.11,3.2,103,59.9,19.2
6,1,1,2,59.6,48.2,11.4,32.3,8.2,24.1,21,3.1,6.18,39.9,8.7,38.5,8.4,1.4,0.3,148.8,61.8,135.13,18.3,105,12.8,13.7,17.4,4.8,30,9,362,114,8,4,0.22,3,0.2,0.48,15.87,21.5,2.3,3.18,3.1,109.3,59.1,18.6
6,1,1,3,81.2,69.2,12,44.2,9.6,34.6,30.6,4,6.5,506.7,110.6,476.8,104.1,29.9,6.5,1617.6,671.4,1209.29,17.8,113.7,11.8,0.7,15.7,5,43,20,424,93,24,15,0.2,6,0.24,0.93,12.02,165.2,24.6,4.56,4.9,480.8,43.4,9.5
7,1,1,1,64.3,55.6,8.7,32.4,4.6,27.8,24.4,3.4,4.71,41.5,9.1,31.1,6.8,10.4,2.3,175.2,72.7,152.42,25.1,106.2,23,1.4,23.6,5.1,28,9,378,109,9,5,0.2,2,0.2,0.57,17.39,18.4,1.8,3.47,3.1,94.6,60.4,17.4
7,1,1,2,76.6,58.2,18.4,38.3,9.2,29.1,25.5,3.6,9.95,41.2,9,35.3,7.7,6,1.3,146.4,60.8,143.88,39.6,110.6,12,7.1,35.8,7.1,27,9,422,130,9,6,0.23,2,0.21,0.61,20.44,21.4,1.8,3.25,3.5,104.7,60.5,18.6
7,1,1,3,79,51.2,27.8,39.5,13.9,25.6,23.1,2.5,15.02,164.9,36,143.8,31.4,21.1,4.6,499.2,207.2,407.78,50.2,120.6,8.7,3,41.6,8.8,36,15,393,112,11,6,0.23,4,0.2,0.63,14.03,61.6,8,3.51,3.6,196.3,54.4,15.5
8,1,1,1,81.2,63.2,18,40.6,9,31.6,27.8,3.8,9.73,55,12,48.1,10.5,6.9,1.5,158.4,65.7,161.4,56,114.6,12.7,6,48.9,8.8,33,9,373,122,10,5,0.2,3,0.23,0.59,15,25,2.8,3.06,3.2,128.6,58,19
8,1,1,2,76,53,23,38,11.5,26.5,22.4,4.1,12.43,59.5,13,55,12,4.6,1,199.2,82.7,182.74,50.8,120.3,10.5,11.5,42.2,8.6,32,10,420,117,9,5,0.25,3,0.24,0.6,16.78,28.6,2.9,3.59,3.4,96.8,61,17
8,1,1,3,76.4,57.8,18.6,38.2,9.3,28.9,25.4,3.5,10.05,36.6,8,32.1,7,4.6,1,177.6,73.7,157.07,47.1,107.5,11.5,9.3,43.8,7.8,32,10,437,123,9,5,0.24,3,0.2,0.59,17.5,16.7,1.6,3.55,3.6,93.3,61.4,17.3
9,1,1,1,73.2,61,12.2,37.5,7,30.5,27,3.5,6.58,54.3,11.9,53.1,11.6,1.2,0.3,158.4,65.7,156.66,22.3,102.6,14.6,17.5,21.7,5,32,10,363,106,8,4,0.21,3,0.2,0.49,14.66,27.6,3.2,3.42,3,95.4,60.1,17.6
9,1,1,2,88.4,74.2,14.2,44.2,7.1,37.1,33.1,4,7.68,73.3,16,57.7,12.6,15.6,3.4,189.6,78.7,193.24,56.5,109.2,15.4,2.1,51.7,8.5,36,11,454,140,9,6,0.24,3,0.2,0.56,16.5,26.8,2.8,3.24,3.8,128.4,59.6,18.4
9,1,1,3,103,76.8,26.2,51.5,13.1,38.4,35,3.4,14.16,207.7,45.3,184.1,40.2,23.6,5.2,511.2,212.2,454.41,38.3,129.2,9.9,2.3,29.6,7.7,37,14,394,105,11,7,0.2,4,0.2,0.53,13.49,78.8,10.2,3.75,3.6,184.3,55.1,14.7
10,1,1,1,74.3,52.8,21.5,43.5,17.1,26.4,23.1,3.3,11.6,49.1,10.7,44,9.6,5.2,1.1,112.8,46.8,130.22,19.6,124.9,7.3,7.1,15.7,6.2,40,14,366,119,9,4,0.2,4,0.2,0.52,12.13,17.8,2.6,3.08,3.1,118.8,58.5,19
10,1,1,2,82.6,59.4,23.2,41.3,11.6,29.7,25.8,3.9,12.54,45.8,10,44.4,9.7,1.4,0.3,136.8,56.8,145.06,47.8,116.3,10,38.7,41.1,8.3,33,10,431,140,8,5,0.23,3,0.2,0.53,17.3,22.6,2.3,3.08,3.6,123.6,59.5,19.3
10,1,1,3,98.6,63.8,34.8,49.3,17.4,31.9,28.2,3.7,18.8,36.6,8,35.3,7.7,1.4,0.3,170.4,70.7,165.31,76.1,114.2,6.6,58,66.6,11.6,32,10,396,112,8,5,0.2,3,0.2,0.5,15.88,18.3,1.9,3.54,3.2,91.3,61,17.2
11,1,1,1,87.4,61.2,26.2,43.7,13.1,30.6,27.2,3.4,14.16,55,12,44.9,9.8,10.1,2.2,225.6,93.6,199.69,57.4,114.4,8.7,6,50.2,9.3,36,12,362,106,8,4,0.24,3,0.2,0.54,13,20.4,2.7,3.42,3.1,119.5,58.4,17.1
11,1,1,2,97,50.4,46.6,48.5,23.3,25.2,22.1,3.1,25.17,45.8,10,38,8.3,7.8,1.7,141.6,58.8,155.33,41,108.8,4.7,13.7,37.7,6.5,42,16,383,120,8,5,0.22,4,0.2,0.52,11.98,14.3,2.2,3.19,3.3,119.4,58.8,18.4
11,1,1,3,117.4,84,33.4,58.7,16.7,42,38.4,3.6,18.05,36.6,8,35.7,7.8,0.9,0.2,156,64.8,167.98,39.6,116.9,7,83.6,33.9,8,29,9,389,117,8,5,0.22,3,0.2,0.59,17.45,20.5,2,3.32,3.2,100,60.3,18.1
12,1,1,1,76.4,57,19.4,38.2,9.7,28.5,25,3.5,10.49,36.6,8,36.2,7.9,0.5,0.1,105.6,43.8,119.63,38.3,99.9,10.3,97.1,38.3,6.8,33,9,390,128,8,4,0.2,3,0.2,0.45,15.7,18.8,2,3.05,3.3,113.6,59.4,19.5
12,1,1,2,81.3,62,19.3,47.9,16.9,31,26.8,4.2,10.44,31.8,6.9,31.6,6.9,0.2,0,141.6,58.8,137.91,16.6,116.1,6.9,169.1,14.3,5.7,33,11,442,143,9,5,0.24,3,0.2,0.54,17.73,15.7,1.6,3.09,3.7,126,59.5,19.3
12,1,1,3,72.2,53.6,18.6,41.4,14.6,26.8,23.8,3,10.07,31.8,6.9,31.6,6.9,0.2,0,153.6,63.8,139.25,18.6,116.6,8,146.1,16,5.7,32,10,403,117,9,4,0.2,3,0.2,0.52,16.25,16.4,1.7,3.44,3.3,94.5,60.9,17.7
13,1,1,1,75.8,54.2,21.6,37.9,10.8,27.1,24,3.1,11.67,54.7,11.9,38,8.3,16.7,3.6,165.6,68.7,162.05,37,112.9,10.4,2.9,32.8,7,45,15,414,125,8,5,0.26,4,0.2,0.61,11.98,13.8,2,3.31,3.5,120.8,59.3,17.9
13,1,1,2,98.6,63.4,35.2,49.3,17.6,31.7,28.5,3.2,19.02,52.4,11.4,41.2,9,11.1,2.4,172.8,71.7,176.62,31.9,118,6.7,5.9,27,7.3,46,19,416,125,9,5,0.26,5,0.2,0.64,11.76,13.8,2.2,3.33,3.5,123.8,59.2,17.8
13,1,1,3,94.9,69.6,25.3,47.8,13,34.8,31.4,3.4,13.67,41.1,9,40.8,8.9,0.3,0.1,194.4,80.7,178.64,27.6,113.5,8.7,130.1,24.3,6.3,33,9,434,120,8,5,0.2,3,0.2,0.69,16.79,21.2,2.1,3.62,3.5,93.1,61.4,17
1,1,2,1,130.7,91.6,39.1,78.2,32.4,45.8,42,3.8,21.14,111.8,24.4,105.8,23.1,6,1.3,117.6,48.8,203.31,19.7,130.5,4,11.2,15.1,4.9,29,14,509,86,21,7,0.26,2,0.2,0.5,20.52,53.7,4.5,5.92,3.6,-42.9,71,12
1,1,2,2,122.4,65.4,57,61.2,28.5,32.7,29.4,3.3,30.79,81.2,17.7,71.9,15.7,9.3,2,134.4,55.8,187.97,42.7,144.9,5.1,12.4,29.5,10,36,12,518,89,24,7,0.32,1,0.2,0.43,16.86,32.7,3,5.82,3.7,-26.4,69.8,12
1,1,2,3,99.1,51.8,47.3,53.7,27.8,25.9,22.2,3.7,25.55,44.1,9.6,41.2,9,2.9,0.6,134.4,55.8,151.66,33.6,158,5.7,27.8,21.3,9.3,30,11,508,87,20,5,0.27,1,0.2,0.4,19.83,22,1.8,5.84,3.6,-35.3,70.4,12.1
2,1,2,1,94.4,62.2,32.2,54.5,23.4,31.1,27.8,3.3,17.4,84.1,18.4,81.1,17.7,3.1,0.7,115.2,47.8,164.75,29.6,172,7.3,18,17.2,8.7,31,11,457,88,20,6,0.22,1,0.2,0.4,17.58,42.1,3.9,5.19,3.3,-5,68.4,13.2
2,1,2,2,84.3,59.8,24.5,58.7,28.8,29.9,26.7,3.2,13.22,90.7,19.8,90.2,19.7,0.4,0.1,117.6,48.8,164.69,17.3,162.9,5.7,96,10.6,7.9,30,11,484,87,22,5,0.23,1,0.2,0.4,19.03,48,4.1,5.56,3.5,-22.4,69.6,12.5
2,1,2,3,83.2,29,54.2,41.6,27.1,14.5,11.9,2.6,29.28,90.5,19.7,81.5,17.8,9,2,115.2,47.8,162.76,48.1,162,6,12.3,29.7,10.8,34,17,470,91,19,4,0.26,1,0.2,0.4,16.5,34.9,3.8,5.16,3.4,-4.7,68.3,13.2
3,1,2,1,104,49,55,52,27.5,24.5,21.5,3,29.71,81.4,17.8,69.2,15.1,12.2,2.7,192,79.7,208.1,46,149.8,5.4,9.5,30.7,10.3,29,13,587,93,21,4,0.33,1,0.2,0.4,23.45,36,2.6,6.31,4.1,-55.3,71.4,11.3
3,1,2,2,99.3,62.6,36.7,54.1,22.8,31.3,28.6,2.7,19.8,60.5,13.2,55,12,5.5,1.2,127.2,52.8,158.45,31.2,155.3,6.8,11.4,20.1,8.5,37,13,511,105,21,5,0.28,1,0.2,0.4,16.65,24,2.3,4.87,3.8,9.7,67.4,13.8
3,1,2,3,175.6,94.2,81.4,107.1,60,47.1,44.8,2.3,43.97,81.9,17.9,71.9,15.7,10,2.2,153.6,63.8,227.14,25.9,152.7,2.5,14,17,6.2,54,28,589,97,14,8,0.31,3,0.2,0.47,12.7,19.1,2.7,6.07,4.2,-42,70.5,11.6
4,1,2,1,169.6,60.8,108.8,84.8,54.4,30.4,28.1,2.3,58.76,106.8,23.3,92.1,20.1,14.7,3.2,156,64.8,241.04,41.3,150.5,2.8,14,27.4,7.7,39,22,551,97,21,6,0.27,1,0.2,0.42,16.62,33,3.6,5.68,4,-23.7,69.5,12.2
4,1,2,2,191.8,49,142.8,95.9,71.4,24.5,21.6,2.9,77.12,63.1,13.8,60,13.1,3.1,0.7,165.6,68.7,230.09,44.1,174.8,2.4,79.3,25.2,8.6,43,18,503,100,24,5,0.3,1,0.2,0.4,14.02,21.5,2.6,5.03,3.8,24.1,66.4,13.2
4,1,2,3,142.2,48.6,93.6,73.8,49.5,24.3,21.7,2.6,50.54,110,24,98.9,21.6,11,2.4,127.2,52.8,213.31,38,160.8,3.2,14.6,23.6,7.5,31,12,537,95,21,6,0.26,1,0.2,0.4,20.39,50.2,4,5.65,3.8,-35.6,70.3,12.4
5,1,2,1,24.8,24.4,0.4,12.4,0.2,12.2,10.4,1.8,0.23,139.9,30.5,117.7,25.7,22.2,4.9,204,84.7,209.05,37.2,144.8,689.5,0,25.7,6.6,37,20,558,92,14,9,0.26,2,0.2,0.51,17.57,45.1,4.6,6.07,4,-35.8,70.3,11.6
5,1,2,2,20.8,20.6,0.2,10.4,0.1,10.3,8.4,1.9,0.12,73.3,16,58.6,12.8,14.7,3.2,122.4,50.8,121.79,39.1,116.9,1062.7,0,33.4,6.3,38,18,503,82,15,6,0.26,2,0.2,0.43,15.39,22.9,2.5,6.13,3.5,-44.8,71.2,11.6
5,1,2,3,35.2,35,0.2,17.6,0.1,17.5,14.4,3.1,0.12,81.5,17.8,74.7,16.3,6.8,1.5,148.8,61.8,148.55,37.2,127.2,1156.4,0.1,29.2,6.3,30,10,593,91,14,9,0.34,1,0.2,0.4,22.8,40.8,2.7,6.52,4.1,-83.5,73.2,11.2
6,1,2,1,65.3,65,0.3,32.7,0.2,32.5,29.1,3.4,0.14,99.5,21.7,94.8,20.7,4.7,1,124.8,51.8,163.82,20.6,138.4,659,0.1,14.9,4.8,39,12,579,98,14,7,0.31,1,0.2,0.4,17.36,40.6,3.6,5.91,4,-56.7,71.5,12.1
6,1,2,2,118.6,80,38.6,64.7,24.7,40,37.4,2.6,20.84,66,14.4,62.3,13.6,3.8,0.8,129.6,53.8,173.7,31.2,159.8,6.5,17.7,19.5,8.8,33,15,473,85,14,7,0.24,1,0.2,0.4,16.91,28.3,2.9,5.56,3.4,-22.9,69.7,12.5
6,1,2,3,135.2,77.6,57.6,67.6,28.8,38.8,36.2,2.6,31.11,56.7,12.4,48.1,10.5,8.6,1.9,120,49.8,171.71,34.7,138.4,4.8,11.5,25.1,6.5,35,11,525,94,14,7,0.29,1,0.2,0.4,17.69,22.8,2,5.59,3.7,-36.6,70.5,12.6
7,1,2,1,166,90.8,75.2,83,37.6,45.4,43.5,1.9,40.62,70.8,15.5,60.5,13.2,10.3,2.3,163.2,67.7,219.82,42.2,157,4.2,13.4,26.9,7.7,39,17,484,81,13,7,0.25,2,0.2,0.4,14.49,23.6,2.7,5.98,3.5,-24.5,69.8,11.7
7,1,2,2,122.5,80.4,42.1,74.4,34.2,40.2,38,2.2,22.71,74.9,16.3,72.4,15.8,2.5,0.6,108,44.8,170.22,20.5,133.4,3.9,28.5,15.4,5.1,36,11,601,90,15,6,0.3,1,0.24,0.4,19.19,33.6,2.6,6.68,4.1,-95.6,73.9,11.1
7,1,2,3,142,61.6,80.4,71,40.2,30.8,27.4,3.4,43.43,81.7,17.8,76.5,16.7,5.2,1.1,120,49.8,191.37,43.4,149,3.7,30.9,29.1,7.7,30,14,507,76,13,6,0.27,1,0.2,0.43,19.43,38,3.3,6.67,3.5,-72,73.2,11
8,1,2,1,95.9,70.8,25.1,59.8,24.4,35.4,33,2.4,13.55,70.2,15.3,68.2,14.9,1.9,0.4,86.4,35.9,141.62,19.5,151.8,6.2,22.2,12.8,7.4,43,11,616,108,14,6,0.35,1,0.22,0.4,16.84,27.6,2.4,5.7,4.3,-64.9,71.8,12.6
8,1,2,2,132.5,74.8,57.7,73.8,36.4,37.4,33.8,3.6,31.16,79.1,17.3,74.2,16.2,4.9,1.1,124.8,51.8,187.06,30.9,156,4.3,20.2,19.8,6.6,33,14,577,87,12,6,0.3,1,0.21,0.4,20.12,34.5,2.8,6.63,3.9,-88.7,73.7,11.1
8,1,2,3,151,81,70,75.5,35,40.5,38.2,2.3,37.81,72.3,15.8,65.5,14.3,6.8,1.5,139.2,57.8,200.21,53.3,182.9,5.2,20.6,29.1,12.5,25,11,513,96,20,7,0.29,1,0.21,0.47,24.36,39.7,2.8,5.34,3.7,-21.7,69.5,13
9,1,2,1,171.4,84.8,86.6,85.7,43.3,42.4,40,2.4,46.77,76,16.6,67.8,14.8,8.2,1.8,124.8,51.8,206.12,43.3,158.7,3.7,19.7,27.3,7.9,31,14,481,80,13,7,0.23,1,0.2,0.4,18.1,32.9,3.1,6.01,3.4,-43.9,71.3,11.9
9,1,2,2,142.6,85.2,57.4,73.2,30.6,42.6,40.6,2,30.97,121.8,26.6,106.7,23.3,15.1,3.3,158.4,65.7,237.32,36.7,156.7,5.1,6.5,23.4,9.9,30,16,495,76,13,8,0.27,2,0.21,0.52,19.03,50.7,4.7,6.51,3.4,-53.2,71.9,11
9,1,2,3,128.4,66,62.4,64.2,31.2,33,30.5,2.5,33.71,98.9,21.6,82.9,18.1,16,3.5,136.8,56.8,203.81,46.9,156.6,5,8,29.9,10.9,29,14,486,73,13,6,0.22,1,0.21,0.4,19.28,42.1,3.7,6.66,3.3,-61.5,72.6,10.9
10,1,2,1,143.6,96.2,47.4,83.2,35.1,48.1,45.5,2.6,25.59,118.5,25.9,113.1,24.7,5.3,1.2,148.8,61.8,230.72,24.9,147.6,4.2,15.3,16.9,5.8,40,11,625,112,14,9,0.37,1,0.28,0.4,18.42,48.4,4,5.58,4.4,-46.4,70.6,12.7
10,1,2,2,120.5,75.8,44.7,66.8,28.9,37.9,35.1,2.8,24.14,64.7,14.1,59.1,12.9,5.6,1.2,98.4,40.8,157.63,28.9,149.5,5.2,13.8,19.3,8.8,30,11,466,76,16,7,0.21,1,0.22,0.4,18.07,31.5,2.8,6.13,3.2,-48.5,71.7,11.7
10,1,2,3,128.8,92.2,36.6,64.4,18.3,46.1,43,3.1,19.77,81.6,17.8,71,15.5,10.7,2.3,151.2,62.8,200.44,46.8,150.9,8.2,7.3,31,9.5,33,12,498,87,14,8,0.21,1,0.22,0.4,17.73,34.4,3.1,5.72,3.6,-28.1,70,12.2
11,1,2,1,178.4,83.2,95.2,91.1,49.5,41.6,38.3,3.3,51.42,66,14.4,59.1,12.9,6.9,1.5,127.2,52.8,204.74,40.1,166.8,3.4,23.6,24,7.8,26,11,430,66,12,5,0.22,1,0.25,0.4,19.08,34.9,3,6.52,3,-48.5,72.1,11.1
11,1,2,2,156,83.8,72.2,92.1,50.2,41.9,39.9,2,38.97,88.8,19.4,80.2,17.5,8.6,1.9,124.8,51.8,205.94,25.8,143.6,2.9,14.3,18,6,34,21,460,77,12,7,0.23,2,0.2,0.4,15.79,31.8,3.8,5.97,3.3,-35.5,70.7,11.8
11,1,2,3,185.4,109.8,75.6,92.7,37.8,54.9,52.7,2.2,40.83,99.1,21.6,82,17.9,17.1,3.7,158.4,65.7,245.91,44.9,147.9,3.9,9.2,30.4,7.8,46,18,590,95,14,7,0.33,2,0.2,0.4,14.89,28,3,6.21,4.1,-53.8,71.2,11.5
12,1,2,1,118.7,99.2,19.5,77.8,28.2,49.6,45.4,4.2,10.53,111.8,24.4,107.6,23.5,4.2,0.9,122.4,50.8,199.28,13.5,156.3,5.5,8.1,8.6,7.3,48,14,698,130,14,8,0.41,2,0.22,0.41,17.25,37.9,3.4,5.37,4.9,-52.1,70.6,13.2
12,1,2,2,96.5,78.2,18.3,67.8,28.7,39.1,36.1,3,9.91,73.4,16,70.5,15.4,2.9,0.6,98.4,40.8,150.27,12.1,151.5,5.3,11,8,7.1,47,13,636,115,14,7,0.33,2,0.22,0.4,15.98,25.7,2.4,5.53,4.5,-54.3,71,12.8
12,1,2,3,100,43.8,56.2,50,28.1,21.9,18.9,3,30.36,98.2,21.4,84.3,18.4,13.9,3,100.8,41.8,169.26,45.5,161.9,5.8,7.8,28.1,10.6,28,15,519,83,12,7,0.29,1,0.2,0.42,21.5,42.8,3.5,6.25,3.5,-72.6,73.1,11.7
13,1,2,1,119,50.4,68.6,59.5,34.3,25.2,22.9,2.3,37.05,59,12.9,46.7,10.2,12.3,2.7,124.8,51.8,166.96,54.1,168.8,4.9,12.3,32,9.1,40,19,443,78,18,5,0.28,2,0.2,0.4,13.02,17.3,2.3,5.68,3.2,-9.3,68.7,12.1
13,1,2,2,148,81.2,66.8,74,33.4,40.6,37.6,3,36.08,95.3,20.8,87.5,19.1,7.9,1.7,129.6,53.8,208.34,52.4,173.9,5.2,17.6,30.1,12.1,24,12,480,89,22,6,0.27,1,0.2,0.42,23.71,53.1,4,5.39,3.5,-17.9,69.3,12.8
13,1,2,3,152.6,85.6,67,76.3,33.5,42.8,40,2.8,36.19,113.6,24.8,95.3,20.8,18.4,4,168,69.7,242.5,50.1,157.4,4.7,8,31.8,8.5,26,12,547,94,20,8,0.28,1,0.21,0.54,24.65,54.7,3.8,5.82,3.9,-38.6,70.5,12.1
1,2,1,1,88.6,85.4,3.2,44.3,1.6,42.7,41.7,1,1.7,238.2,52,223,48.7,15.1,3.3,201.6,83.7,305.11,66,169.3,105.2,0.5,39,10.1,102,64,516,132,18,8,0.44,21,0.38,0.93,6.4,29.3,9.4,3.9,4.3,150.6,59.3,15.2
1,2,1,2,41.4,19,22.4,20.7,11.2,9.5,8.4,1.1,12.1,117.3,25.6,106.7,23.3,10.6,2.3,139.2,57.8,169.84,54.6,190.8,17,4.2,28.6,10.4,127,43,432,118,15,5,0.36,13,0.45,0.54,4.3,13.7,5.4,3.7,3.8,175.8,56.5,15.4
1,2,1,3,59.2,46.4,12.8,29.6,6.4,23.2,20.9,2.3,6.9,105.3,23,104.4,22.8,0.9,0.2,141.6,58.8,173.03,109.3,199.9,31.2,32,54.7,13.7,135,48,512,150,20,7,0.48,13,0.3,0.46,4.9,12.5,4.5,3.4,4.5,211.8,56.3,16.5
2,2,1,1,49,26.4,22.6,24.5,11.3,13.2,11.8,1.4,12.2,123.7,27,120.9,26.4,2.7,0.6,151.2,62.8,184.24,77.6,205.4,18.2,18.8,37.8,13,115,42,450,111,12,5,0.31,9,0.37,0.43,4.9,16.8,5.9,4.1,3.8,136.4,59,14.6
2,2,1,2,64,48.6,15.4,32,7.7,24.3,22.9,1.4,8.3,205.9,44.9,193.3,42.2,12.6,2.8,158.4,65.7,248.73,64.2,195.3,25.3,2.8,32.9,11.1,117,44,449,136,14,6,0.39,12,0.32,0.52,5,26.2,9.4,3.3,4,200.2,55.6,16.8
2,2,1,3,44.8,25.6,19.2,25.3,12.5,12.8,11.6,1.2,10.4,134.7,29.4,131,28.6,3.7,0.8,148.8,61.8,187.75,39.3,205.1,16.4,8.9,19.2,9.3,144,40,509,166,15,6,0.42,12,0.3,0.45,4.7,15.5,5.6,3.1,4.7,255.1,54.4,17.7
3,2,1,1,53.6,34,19.6,26.8,9.8,17,15.6,1.4,10.6,174,38,167.2,36.5,6.9,1.5,187.2,77.7,237.68,92.5,209.9,21.4,6.5,44.1,14.4,122,43,524,149,14,7,0.44,12,0.28,0.6,5.5,22.1,7,3.5,4.6,195,57.3,16.3
3,2,1,2,49.4,26.4,23,24.7,11.5,13.2,9.9,3.3,12.4,100.8,22,94.3,20.6,6.4,1.4,158.4,65.7,173.54,68.8,200.6,17.4,8.2,34.3,12,153,44,542,139,16,6,0.37,12,0.35,0.47,4.5,10.5,3.8,3.9,4.7,185.7,58.1,14.9
3,2,1,3,45.1,32.4,12.7,27.3,11.1,16.2,15.5,0.7,6.8,121,26.4,119.1,26,2,0.4,144,59.8,176.68,30,210.4,18.9,11.1,14.3,8.3,93,50,454,131,13,5,0.36,10,0.36,0.75,6.3,18.2,5.7,3.5,3.9,156.3,58,16.7
4,2,1,1,62.2,50.8,11.4,31.1,5.7,25.4,24.9,0.5,6.2,233.6,51,228.1,49.8,5.5,1.2,211.2,87.7,292.91,82,197.4,34.6,4.8,41.5,12.7,123,61,492,146,15,6,0.49,10,0.39,0.76,5.2,27.1,10.1,3.4,4.4,217.8,55.7,16.5
4,2,1,2,41.6,13.8,27.8,20.8,13.9,6.9,6,0.9,15,137.6,30,123.2,26.9,14.4,3.1,144,59.8,185.44,52.7,205.7,14.8,3.4,25.6,10.8,131,45,493,122,14,5,0.34,10,0.26,0.57,4.7,15.3,5.5,4,4.2,150.1,59,14.6
4,2,1,3,46,28.6,17.4,25.1,10.8,14.3,12.8,1.5,9.4,183.5,40,163,35.6,20.5,4.5,172.8,71.7,232.15,42.6,211.6,19.6,1.5,20.1,9.6,122,51,521,129,16,7,0.4,14,0.36,0.75,5.3,20.6,6.8,4,4.4,149.8,59.5,14.7
5,2,1,1,97.6,60.6,37,48.8,18.5,30.3,29.8,0.5,20,522.1,113.9,445.6,97.3,76.5,16.7,352.8,146.4,570.33,98.2,261.4,14.1,1.1,37.6,16.9,86,43,499,170,12,9,1.02,13,0.28,1.01,7.8,75.4,19.5,2.9,4.7,268.5,53.6,18.3
5,2,1,2,71.6,42,29.6,35.8,14.8,21,19,2,16,425.9,93,374.6,81.8,51.3,11.2,292.8,121.5,463.53,154.5,269.4,18.2,1.3,57.3,19.7,108,45,597,187,13,10,0.94,13,0.29,1.08,7.3,53.5,13.7,3.2,5.3,250,56.2,17.6
5,2,1,3,104.4,87.2,17.2,52.2,8.6,43.6,42.2,1.4,9.3,499.2,108.9,458.9,100.2,40.3,8.8,494.4,205.2,632.98,98.4,271.2,31.5,1,36.3,16.1,81,40,598,194,16,11,1.13,14,0.2,1.12,9.8,82.8,16.8,3.1,5.5,300.4,54.3,17.6
6,2,1,1,101.2,73,28.2,50.6,14.1,36.5,35.7,0.8,15.2,687,149.9,598.1,130.6,88.9,19.4,518.4,215.2,763.91,159.8,311.2,22.1,0.7,51.3,21,72,51,631,221,16,13,1.42,12,0.25,1.4,11.8,106.2,20.7,2.9,5.9,338.5,53.6,18.8
6,2,1,2,94.8,71.6,23.2,47.4,11.6,35.8,34.8,1,12.5,522.1,113.9,454.3,99.2,67.8,14.8,405.6,168.4,596.27,115,309.1,26.6,0.8,37.2,16.9,103,44,602,207,13,13,1.25,11,0.2,1.06,7.9,67.5,16.5,2.9,5.6,319.9,53.7,18.5
6,2,1,3,90.2,56,34.2,45.1,17.1,28,27.4,0.6,18.5,499.2,108.9,430.1,93.9,69.2,15.1,292.8,121.5,520.48,137.7,293.2,17.1,1.1,47,19,91,36,552,199,13,13,1.18,12,0.32,1.19,8.3,73.9,17,2.8,5.1,289,53.9,19.4
7,2,1,1,53,18.4,34.6,26.5,17.3,9.2,8.7,0.5,18.7,132.8,29,102.1,22.3,30.7,6.7,201.6,83.7,218.47,87.6,208.3,12,2.6,42.1,14.7,144,55,611,135,11,6,0.35,15,0.36,0.72,5.2,11.2,3.6,4.5,5,130.2,61.5,13.6
7,2,1,2,76.8,49,27.8,38.4,13.9,24.5,23.7,0.8,15,178.6,39,169,36.9,9.6,2.1,218.4,90.7,269.37,105.6,205.5,14.8,6.6,51.4,14.3,113,38,528,120,12,6,0.37,16,0.33,4.32,5.7,24.4,7,4.4,4.3,124.4,60.8,13.8
7,2,1,3,50.6,15.4,35.2,25.3,17.6,7.7,7.2,0.5,19,160.3,35,136.9,29.9,23.4,5.1,175.2,72.7,221.03,85.1,215.5,12.2,3.5,39.5,14.6,130,52,565,143,11,6,0.46,16,0.37,1.33,5.4,16.4,5.3,4,4.7,156.1,59.7,15.1
8,2,1,1,63.2,31.6,31.6,31.6,15.8,15.8,14.8,1,17.1,178.3,38.9,161.2,35.2,17.1,3.7,228,94.6,266.8,52.8,204,12.9,3.3,25.9,10.9,115,36,548,143,13,7,0.39,14,0.34,0.72,6,23.3,6.4,3.8,4.7,169.7,58.9,15.4
8,2,1,2,47,22,25,23.5,12.5,11,9.6,1.4,13.5,164.9,36,145.2,31.7,19.7,4.3,163.2,67.7,215.78,109.9,218,17.4,2.9,50.4,14.8,136,47,586,140,12,6,0.52,15,0.36,0.7,5.3,17.3,5.4,4.2,4.8,139.5,60.8,14.5
8,2,1,3,61.2,27.6,33.6,30.6,16.8,13.8,13.3,0.5,18.2,128.2,28,91.1,19.9,37.1,8.1,151.2,62.8,193.76,119,212.6,12.6,2.1,56,15.8,122,60,533,122,11,6,0.33,14,0.27,0.69,5.4,10.9,3.7,4.4,4.3,114,61.4,14.1
9,2,1,1,94,59.2,34.8,47,17.4,29.6,28.8,0.8,18.8,371,81,334.8,73.1,36.2,7.9,312,129.5,450.44,187.1,267,15.3,2.2,70.1,22.7,111,48,531,176,13,8,0.77,12,0.31,0.92,6.4,46,13.8,3,4.9,275.8,54,17.9
9,2,1,2,86.8,54.4,32.4,43.4,16.2,27.2,26.7,0.5,17.5,389.3,85,363.7,79.4,25.6,5.6,283.2,117.5,443.3,124,247.5,15.3,2.9,50.1,16.9,90,59,531,164,15,9,0.7,16,0.27,1.38,7.7,53.3,15,3.2,4.7,221.7,56.3,17.4
9,2,1,3,87.4,57.6,29.8,43.7,14.9,28.8,28.3,0.5,16.1,334.3,73,313.3,68.4,21.1,4.6,285.6,118.5,409.7,135,259.8,17.4,3.2,52,17.9,108,42,505,175,12,9,0.81,11,0.21,1.03,6.3,45.6,13.5,2.9,4.7,278.4,53.3,18.5
10,2,1,1,98.6,63.2,35.4,49.3,17.7,31.6,31.1,0.5,19.1,569.5,124.3,518.9,113.3,50.5,11,448.8,186.3,651.09,85.9,273.2,15.4,1.5,31.4,15.8,105,38,637,220,15,10,1.17,15,0.23,0.72,8.2,79.2,17.8,2.9,5.9,343.9,53.5,18.5
10,2,1,2,152.6,152.6,0,76.3,0,76.3,75.8,0.5,0,833.6,181.9,720.9,157.4,112.7,24.6,489.6,203.2,870.49,145.7,287.4,28740,0,50.7,17.9,79,36,831,250,19,17,1.62,12,0.21,1.26,13.7,136.9,18.9,3.3,7.1,278.4,58.2,17.5
10,2,1,3,94.1,64.4,29.7,51.8,19.6,32.2,31.7,0.5,16,593.4,129.5,518.5,113.2,75,16.4,381.6,158.4,629.04,55.1,290.9,14.8,0.7,18.9,13.3,82,42,680,202,15,11,1.15,12,0.28,1.36,10.8,91.3,16.6,3.4,5.9,233.1,58.1,17.2
11,2,1,1,57.8,25,32.8,28.9,16.4,12.5,12,0.5,17.7,146.6,32,131,28.6,15.6,3.4,201.6,83.7,229.85,90.6,205.6,12.5,4.8,44.1,14.8,118,43,530,127,12,6,0.4,12,0.28,0.73,5.6,17.8,5.4,4.2,4.4,139.1,60.1,14.4
11,2,1,2,51.6,14.4,37.2,25.8,18.6,7.2,6.7,0.5,20.1,224.4,49,188.7,41.2,35.7,7.8,206.4,85.7,278.83,99.2,217.6,11.7,2.4,45.6,16.1,135,71,551,139,13,6,0.45,13,0.37,0.8,5.1,20,7.5,4,4.7,172.4,58.8,14.8
11,2,1,3,84.6,64.2,20.4,42.3,10.2,32.1,31.6,0.5,11,201.5,44,181.8,39.7,19.7,4.3,297.6,123.5,329.42,91.4,211.6,20.7,2.4,43.2,14.4,116,50,406,134,13,7,0.44,14,0.27,0.4,4.7,23.9,9.8,3,3.9,261.4,51.4,17
12,2,1,1,61.8,35,26.8,30.9,13.4,17.5,17,0.5,14.5,224.4,49,186.9,40.8,37.6,8.2,184.8,76.7,273.11,82.1,198.5,14.8,1.6,41.4,13.5,135,44,582,191,12,6,0.54,17,0.39,0.57,5.7,22.8,7,3,5.2,263,55.5,18.2
12,2,1,2,50.6,21.8,28.8,25.3,14.4,10.9,10.4,0.5,15.6,174,38,157.6,34.4,16.5,3.6,192,79.7,238.56,88.4,201.4,14,4,43.9,14.3,133,42,565,166,13,6,0.42,16,0.31,0.52,5.5,19.7,6.1,3.4,5,218.5,57,16.7
12,2,1,3,53.4,21.6,31.8,26.7,15.9,10.8,10.3,0.5,17.2,187.8,41,144.3,31.5,43.5,9.5,180,74.7,242.63,134.7,212.1,13.3,1.7,63.5,17.1,117,64,534,140,12,6,0.45,15,0.37,0.96,5.8,17.4,5.9,3.8,4.5,158.8,59.2,15.5
13,2,1,1,48.4,15.6,32.8,24.2,16.4,7.8,7.3,0.5,17.7,128.2,28,116.3,25.4,11.9,2.6,175.2,72.7,199.31,72,216.4,13.2,6.3,33.3,13.2,142,56,561,123,14,4,0.42,13,0.34,0.56,4.8,12.8,4.5,4.6,4.6,128.9,61,13.4
13,2,1,2,53.4,21.6,31.8,26.7,15.9,10.8,10.3,0.5,17.2,215.3,47,173.6,37.9,41.7,9.1,182.4,75.7,261.46,138.6,212.4,13.4,1.7,65.3,17.4,121,67,574,136,15,6,0.35,14,0.32,1.03,5.9,20.2,6.6,4.2,4.7,132.3,61,14.4
13,2,1,3,57.4,29.6,27.8,28.7,13.9,14.8,14.3,0.5,15,174,38,160.8,35.1,13.3,2.9,156,64.8,223.51,95.2,220,15.8,4.8,43.3,15.3,108,62,463,126,15,6,0.42,19,0.38,1.23,5.5,20.6,7.6,3.7,4,160.1,58,15.8
1,2,2,1,38.8,5.2,33.6,19.4,16.8,2.6,2.1,0.5,18.2,389,84.9,342.6,74.8,46.4,10.1,158.4,65.7,352.26,55.3,216.3,12.9,1.3,25.6,11.5,101,65,564,186,39,20,0.53,10,0.49,1.14,7.4,45.1,13.3,3,5.1,253.5,55.5,18.3
1,2,2,2,42.2,20.4,21.8,21.1,10.9,10.2,9.7,0.5,11.8,329.8,72,260.6,56.9,69.2,15.1,182.4,75.7,328.69,99.8,185.2,17,0.7,53.9,14.8,135,45,538,160,35,19,0.5,8,0.4,0.96,5.2,31.6,10.6,3.4,4.9,247.4,55.3,16.4
1,2,2,3,27.4,2,25.4,13.7,12.7,1,0.5,0.5,13.7,192.4,42,145.6,31.8,46.7,10.2,132,54.8,206.56,88.6,193.9,15.3,1.2,45.7,14,134,56,563,175,30,7,0.53,6,0.34,0.59,5.5,16.7,5.6,3.2,5,243.8,55.9,17.4
2,2,2,1,29.2,4.8,24.4,14.6,12.2,2.4,1.9,0.5,13.2,261.1,57,199.7,43.6,61.4,13.4,158.4,65.7,265.23,87.2,195.8,16,0.9,44.5,13.9,159,52,534,174,37,8,0.46,6,0.27,0.46,4.5,20.7,8.2,3.1,5,301,53,17.3
2,2,2,2,87.8,87.6,0.2,43.9,0.1,43.8,43.2,0.6,0.1,334.3,73,307.3,67.1,27,5.9,216,89.7,373.72,85.1,176.3,1602.7,0,48.3,12,127,53,438,171,31,11,0.48,9,0.2,0.54,4.8,37.3,15.3,2.6,4.4,333.4,49.3,19.2
2,2,2,3,33.4,2,31.4,16.7,15.7,1,0.5,0.5,17,366.4,80,304.1,66.4,62.3,13.6,158.4,65.7,334.91,70.2,186.1,11.8,1.2,37.7,12.3,166,48,527,192,29,7,0.5,7,0.38,0.42,4.3,31,12.6,2.7,5.1,343.8,51.3,18.7
3,2,2,1,43.8,19.4,24.4,21.9,12.2,9.7,9.2,0.5,13.2,632,137.9,502.9,109.8,129.2,28.2,204,84.7,534.25,112.2,237.4,19.4,0.4,47.3,15.3,89,119,662,204,55,27,1.16,7,0.32,1.69,9.7,52.8,16.6,3.2,5.8,251.8,57.1,17.6
3,2,2,2,56.2,51.6,4.6,28.1,2.3,25.8,25.3,0.5,2.5,499.2,108.9,413.6,90.3,85.6,18.7,235.2,97.6,472.16,134.4,209.8,90.8,0.1,64.1,15.6,123,115,598,204,62,42,1.04,6,0.33,1.53,6.5,37.9,15.1,2.9,5.7,344,52.8,18
3,2,2,3,51.2,27.4,23.8,25.6,11.9,13.7,13.2,0.5,12.9,329.8,72,279.8,61.1,49.9,10.9,160.8,66.7,322.32,128,318.1,26.7,1.1,40.2,18.2,99,84,572,178,40,32,0.81,5,0.29,1.35,7.6,33.4,10.7,3.2,5.1,230.2,56.6,17.6
4,2,2,1,39.9,17.6,22.3,21.2,12.4,8.8,8.3,0.5,12,525.7,114.7,457.5,99.9,68.1,14.9,220.8,91.6,472.78,69,307.5,24.8,0.6,22.4,14.3,121,77,521,176,39,27,0.55,5,0.36,1.23,5.8,50.5,19.2,3,4.9,296.5,52.9,17.9
4,2,2,2,29.4,8,21.4,14.7,10.7,4,3.5,0.5,11.6,314.7,68.7,263.8,57.6,50.9,11.1,163.2,67.7,302.14,87.2,339.2,31.7,0.7,25.7,16.6,136,55,519,170,33,15,0.43,5,0.34,0.83,5.1,30.2,11.1,3.1,4.8,275.3,53.7,17.6
4,2,2,3,44.8,29.2,15.6,22.4,7.8,14.6,14.1,0.5,8.4,673.3,146.9,554.6,121.1,118.6,25.9,223.2,92.6,571.15,137.2,306.6,39.3,0.3,44.7,18.3,128,68,521,174,54,30,0.58,6,0.27,1.38,5.4,61.8,23.2,3,5,317.3,52.1,17.4
5,2,2,1,51.5,33,18.5,26,9.5,16.5,16,0.5,10,664.8,145.1,567.9,124,96.8,21.1,316.8,131.5,617.98,86.2,354.7,37.3,0.3,24.3,16.7,111,48,723,262,36,16,1.31,9,0.3,1.08,8.9,78,17.2,2.8,6.7,376.5,54,19.6
5,2,2,2,10.9,4.6,6.3,18.6,16.3,2.3,1.8,0.5,3.4,456.9,99.7,438.3,95.7,18.6,4.1,249.6,103.6,428.05,16.9,366.6,22.5,0.6,4.6,10.7,136,58,666,224,27,11,0.91,7,0.4,1.11,6.5,49.3,14.4,3,6.1,321.6,54.8,18.4
5,2,2,3,48.2,30,18.2,24.1,9.1,15,14.5,0.5,9.8,760.9,166,644.9,140.8,116,25.3,432,179.3,737.63,97.6,360.7,39.6,0.3,27.1,17.9,105,52,678,254,34,14,1.25,10,0.3,1.21,8.9,89.7,20.8,2.7,6.5,412.3,52.1,19.5
6,2,2,1,46.4,18.8,27.6,23.6,14.2,9.4,8.9,0.5,14.9,896.4,195.6,744.7,162.6,151.7,33.1,328.8,136.5,769.77,93.2,383.2,27,0.3,24.3,18.4,91,64,756,279,38,16,1.37,9,0.24,1.64,11.4,104.9,21.5,2.7,7,379.8,54.3,20.1
6,2,2,2,68.6,66,2.6,34.4,1.4,33,32.5,0.5,1.4,656.6,143.3,562.9,122.9,93.7,20.4,319.2,132.5,623.21,79.9,352.7,250.1,0,22.7,15.2,114,52,564,228,35,17,1.21,7,0.2,1.14,6.9,74,21.8,2.5,5.6,403.7,50.1,20.2
6,2,2,3,43.6,17.6,26,23.8,15,8.8,8.3,0.5,14,434.4,94.8,365.5,79.8,68.9,15,237.6,98.6,425.09,94.2,435.7,29,0.6,21.6,19.6,124,47,685,269,37,18,1.06,8,0.33,1.08,7.7,46.7,11.6,2.5,6.5,407.8,52.4,20.6
7,2,2,1,26.4,2,24.4,13.2,12.2,1,0.5,0.5,13.2,272.4,59.5,213,46.5,59.5,13,177.6,73.7,280.98,78.3,298.5,24.4,0.7,26.2,15,163,55,583,168,32,8,0.44,7,0.45,0.56,4.6,21.3,8,3.5,5.2,259.7,55.6,16
7,2,2,2,64.6,64.4,0.2,32.3,0.1,32.2,31.7,0.5,0.1,293.8,64.1,288.1,62.9,5.7,1.2,228,94.6,341.46,53.4,269.5,2450,0.1,19.8,10.7,142,48,436,148,38,10,0.42,10,0.2,0.5,4.1,33.1,14.4,2.9,4.3,309.2,50.2,17
7,2,2,3,28.8,2,26.8,14.4,13.4,1,0.5,0.5,14.5,356.8,77.9,294,64.2,62.8,13.7,180,74.7,337.53,77.1,300.3,22.4,0.8,25.7,15.1,135,58,643,193,32,9,0.54,6,0.32,0.66,6.2,33.3,10,3.3,5.6,250.7,56.9,17.1
8,2,2,1,34.7,18.4,16.3,19.2,10,9.2,8.7,0.5,8.8,391,85.3,343.5,75,47.5,10.4,187.2,77.7,366.32,59.2,291.1,29.1,0.6,20.3,12.7,162,47,531,187,38,10,0.53,9,0.21,0.48,4.4,35.9,14.1,2.8,5.2,344.9,51.3,18.1
8,2,2,2,27.6,2,25.6,13.8,12.8,1,0.5,0.5,13.8,276.6,60.4,224.4,49,52.2,11.4,148.8,61.8,269.33,87.2,298.4,23.3,1,29.2,16,144,61,588,165,27,6,0.48,7,0.32,0.6,5.2,23.9,8.3,3.6,5.1,216.5,57.4,16.1
8,2,2,3,38.6,13.6,25,19.3,12.5,6.8,6.3,0.5,13.5,206.1,45,173.6,37.9,32.5,7.1,93.6,38.9,201.43,107.6,301.3,24.1,1.8,35.7,16.2,131,61,487,154,30,7,0.36,6,0.46,0.58,4.9,19.7,7.8,3.2,4.4,230.7,55,17.4
9,2,2,1,46,22.6,23.4,23,11.7,11.3,10.8,0.5,12.6,439.4,95.9,372.4,81.3,67.1,14.6,283.2,117.5,453.34,113.6,388.7,33.2,0.7,29.2,18.4,126,53,524,179,33,14,0.67,5,0.23,0.93,5.6,45.4,15.5,2.9,5,317.4,52.2,17.8
9,2,2,2,56.6,18.8,37.8,28.3,18.9,9.4,8.9,0.5,20.4,590.8,128.9,485.9,106.1,104.9,22.9,247.2,102.6,537.24,136,344.4,18.2,0.8,39.5,20.1,103,65,525,194,35,12,0.82,10,0.42,1.44,7,63.2,20.2,2.7,5,319.7,52.1,19.3
9,2,2,3,58,32.4,25.6,29,12.8,16.2,15.7,0.5,13.8,511.7,111.7,420.9,91.9,90.8,19.8,252,104.6,489.84,107.9,377.3,29.5,0.6,28.6,17.8,139,50,611,232,34,14,1.07,8,0.39,1.14,6.1,48.6,15,2.6,5.9,386.9,51.6,19.6
10,2,2,1,67.5,41.6,25.9,34.5,13.7,20.8,20.3,0.5,14,756.5,165.1,669.6,146.2,86.9,19,412.8,171.3,735.22,94.3,399.8,29.2,0.5,23.6,18.8,101,41,728,259,35,16,1.42,8,0.2,0.92,9.8,103,20.1,2.8,6.8,383.2,53.8,19.2
10,2,2,2,143.4,143.4,0,71.6,0,71.7,71.2,0.5,0,1154.2,251.9,980.1,214,174,38,448.8,186.3,1049.49,145.5,409.8,40980,0,35.5,20.3,96,52,804,275,52,15,1.59,10,0.2,1.44,11.2,144.6,26.6,2.9,7.4,396.4,54.6,18.7
10,2,2,3,73.6,42.2,31.4,36.8,15.7,21.1,20.6,0.5,17,722.4,157.6,584.9,127.7,137.5,30,295.2,122.5,655.57,106,384.5,24.5,0.4,27.6,18.1,114,61,619,229,40,15,0.98,8,0.23,1.4,7.4,73,20.6,2.7,5.9,369.7,52.4,19.4
11,2,2,1,41.2,9.6,31.6,20.6,15.8,4.8,4.3,0.5,17.1,392.1,85.6,331.1,72.3,61,13.3,211.2,87.7,383.03,93.7,352.6,22.3,0.9,26.6,18,154,57,551,147,31,9,0.34,8,0.54,0.7,4.5,34.3,13.1,3.7,4.9,232.2,56.2,15
11,2,2,2,31.6,12.8,18.8,15.8,9.4,6.4,5.9,0.5,10.2,352.9,77,288.1,62.9,64.8,14.1,139.2,57.8,315.3,95,304.2,32.3,0.6,31.2,16.5,135,77,590,171,36,10,0.45,7,0.39,0.74,5.6,29.7,10.7,3.5,5.2,227.7,57,16.5
11,2,2,3,38.5,21.6,16.9,19.6,8.8,10.8,10.3,0.5,9.1,304.4,66.4,274.8,60,29.6,6.5,211.2,87.7,325.41,75.1,313.8,35.6,1,23.9,14.7,123,47,526,190,35,7,0.51,9,0.34,0.62,5.8,35.3,11.4,2.8,5,319.5,52.2,18.8
12,2,2,1,36.4,15.2,21.2,18.2,10.6,7.6,6.7,0.9,11.5,445.3,97.2,374.6,81.8,70.7,15.4,208.8,86.7,413.25,79.4,311.8,29.4,0.5,25.5,15.2,135,47,614,227,35,8,0.52,12,0.23,0.51,6.2,44.9,13.3,2.7,5.8,358.3,52.6,19.5
12,2,2,2,80.2,79.8,0.4,40.1,0.2,39.9,38.1,1.8,0.2,307.3,67.1,281.2,61.4,26.1,5.7,199.2,82.7,343.6,84.5,293.3,1396.7,0,28.8,14.3,140,47,517,171,34,12,0.41,12,0.3,0.4,4.9,32.8,11.9,3,4.9,294.4,52.9,17.5
12,2,2,3,29.4,3.4,26,14.7,13,1.7,1.2,0.5,14.1,249.2,54.4,213.4,46.6,35.7,7.8,105.6,43.8,230.26,80.6,322.4,24.8,1.3,25,15.8,115,61,541,156,34,8,0.33,7,0.39,0.67,6.1,26.5,8.6,3.5,4.7,192.9,57.7,16.6
13,2,2,1,26.6,6.8,19.8,13.3,9.9,3.4,2.9,0.5,10.7,302.3,66,249.2,54.4,53.1,11.6,172.8,71.7,297.69,116.9,288.7,29.1,0.9,40.5,16.5,146,65,548,164,31,7,0.44,6,0.43,0.6,4.9,25.8,9.9,3.3,5,253.5,55.2,16.5
13,2,2,2,45.4,36,9.4,22.7,4.7,18,17.5,0.5,5.1,334.3,73,263.4,57.5,71,15.5,153.6,63.8,318.38,104.5,268.6,57,0.3,38.9,14.6,116,67,529,193,42,10,0.48,6,0.45,0.82,6.2,31.4,10.9,2.7,5,308.9,52.6,19.2
13,2,2,3,29,6.4,22.6,14.5,11.3,3.2,2.7,0.5,12.2,251.9,55,205.2,44.8,46.7,10.2,127.2,52.8,243.03,85.6,202.4,17.9,1.1,42.3,13.7,111,62,498,151,32,8,0.34,8,0.46,0.85,5.8,25.9,9,3.3,4.4,209.1,56.2,17
1,3,1,1,38.4,6.8,31.6,22.7,19.3,3.4,2.9,0.5,17.1,201.5,44,179.5,39.2,21.9,4.8,103.2,42.8,203.3,53.8,263,13.6,2.5,20.5,12.6,71,76,658,186,32,7,0.5,14,6.5,1.2,5.9,26.7,11.9,3.5,2.9,120,57.5,16.3
1,3,1,2,25.8,2.6,23.2,13.2,11.9,1.3,0.8,0.5,12.5,104.9,22.9,78.8,17.2,26.1,5.7,100.8,41.8,133.5,46.9,192.7,16.2,1.5,24.3,9.7,85,51,522,160,24,4,0.2,10,3.1,0.6,4,12.6,6.6,3.3,2.4,142.6,53.4,16.4
1,3,1,3,25.4,3.2,22.2,12.7,11.1,1.6,1.1,0.5,12,115.5,25.2,93.9,20.5,21.6,4.7,108,44.8,143.8,49.6,173.5,15.6,2,28.6,9.5,86,69,678,208,28,5,0.5,11,5.9,0.8,5.2,13.2,6,3.3,3.1,152.5,55.5,17
2,3,1,1,39.6,7.8,31.8,24.5,20.6,3.9,3.4,0.5,17.1,139.2,30.4,122.7,26.8,16.4,3.6,120,49.8,172.8,60.9,316.2,15.3,3.3,19.3,14.5,85,62,644,184,24,6,0.5,9,6.2,1.1,4.9,18.2,8.3,3.5,2.9,136.3,56.1,16
2,3,1,2,25.7,8.2,17.5,14.7,10.6,4.1,3.6,0.5,9.5,170.7,37.2,150.2,32.8,20.4,4.5,96,39.8,173,42.9,207.7,19.6,1.5,20.7,9.5,99,61,676,208,28,6,0.6,11,2.6,0.7,4.5,20.5,9.7,3.3,3.1,162.6,54.8,16.9
2,3,1,3,23.6,3.4,20.2,11.8,10.1,1.7,1.2,0.5,10.9,119.1,26,94.8,20.7,24.3,5.3,103.2,42.8,142.6,70.8,161,15.9,1.9,44,11.3,88,55,580,208,24,6,0.4,10,4.7,0.6,4.5,14.5,7.1,2.8,2.8,182.1,51.8,18.6
3,3,1,1,28.8,8.4,20.4,17.9,13.7,4.2,3.7,0.5,11,208.9,45.6,183.7,40.1,25.3,5.5,134.4,55.8,219.1,38.4,206.7,15.1,1.4,18.6,9.3,78,87,792,220,28,11,0.6,12,6.9,1.3,6.5,24.3,10.1,3.6,3.4,129.3,58.5,16.2
3,3,1,2,29.6,3.8,25.8,14.8,12.9,1.9,1.4,0.5,13.9,175.7,38.3,139.7,30.5,36,7.9,110.4,45.8,185.9,67.8,219.8,17,1.5,30.8,12.5,87,89,700,202,30,7,0.5,10,7.1,1,5.2,17.3,8.7,3.5,3.1,141.5,56.6,16.3
3,3,1,3,33.4,9,24.4,16.7,12.2,4.5,4,0.5,13.2,189.1,41.3,147.9,32.3,41.1,9,105.6,43.8,194,62.5,223.4,18.3,1.1,28,11.9,76,85,700,208,28,10,0.5,10,6.5,1.4,6,20.1,9.2,3.4,3.1,134.8,57,16.9
4,3,1,1,37,8.4,28.6,18.5,14.3,4.2,3.7,0.5,15.5,276.7,60.4,240,52.4,36.7,8,148.8,61.8,274.5,66.9,265.3,18.5,1.4,25.2,13.4,75,88,772,224,26,8,0.6,9,6.4,1.4,6.6,32.1,13.6,3.4,3.4,140.2,57.5,16.7
4,3,1,2,25,8.2,16.8,12.5,8.4,4.1,3.6,0.5,9.1,233.6,51,167.6,36.6,66,14.4,122.4,50.8,226.6,96.1,188.3,22.4,0.6,51,14.2,96,92,822,220,30,14,0.4,12,10.5,1.4,5.4,19.5,8.9,3.7,3.5,135.3,58.4,15.6
4,3,1,3,53.8,23,30.8,26.9,15.4,11.5,11,0.5,16.6,242.7,53,196.9,43,45.8,10,134.4,55.8,254.3,105.2,220.8,14.3,1.5,47.6,14.7,81,72,732,200,32,17,0.6,10,7,1.3,5.8,28.1,11.7,3.7,3.2,131.2,57.7,15.8
5,3,1,1,44.8,18,26.8,22.4,13.4,9,8.5,0.5,14.5,428.7,93.6,391.1,85.4,37.6,8.2,206.4,85.7,405.9,59.4,230.1,17.2,1.3,25.8,11.9,74,54,946,302,24,8,0.7,12,2.6,1.3,8.4,66.7,18.1,3.1,4.2,187.5,56.8,18.1
5,3,1,2,42.8,11.4,31.4,21.4,15.7,5.7,5.2,0.5,17,270.2,59,226.3,49.4,44,9.6,153.6,63.8,275.9,91.8,264.3,16.8,1.6,34.7,16,72,73,848,264,26,7,0.7,10,3.8,1.3,7.7,34.1,11.7,3.2,3.7,159.7,57.2,17.8
5,3,1,3,52.4,19.8,32.6,28.2,18.3,9.9,9.3,0.6,17.6,380.1,82.9,343,74.9,37,8.1,204,84.7,377.6,65.8,295.5,16.1,1.5,22.3,14.3,59,61,894,270,26,8,0.9,12,5.7,1.6,9.9,62.4,16.8,3.3,3.9,153.4,58,17.5
6,3,1,1,50.4,18.8,31.6,25.2,15.8,9.4,8.9,0.5,17.1,533.2,116.4,507,110.6,26.2,5.7,216,89.7,480.8,76.9,294.8,18.6,2.2,26.1,15.2,48,55,878,306,24,6,1,10,1.7,1.5,12.3,107.5,25.2,2.9,3.9,190.7,55.9,19.5
6,3,1,2,49.8,13.8,36,24.9,18,6.9,6.4,0.5,19.5,328.7,71.7,291.7,63.7,36.9,8.1,163.2,67.7,322.1,78.3,300.2,16.7,1.7,26.1,15.6,74,51,754,270,24,4,0.8,8,0.5,1.3,6.9,51,16.9,2.8,3.5,200.1,53.7,19.2
6,3,1,3,36.6,10.6,26,19.7,14.4,5.3,4.8,0.5,14,248.6,54.3,232.2,50.7,16.4,3.6,151.2,62.8,257.5,65,288.6,20,2.7,22.5,13.7,77,46,780,262,24,4,0.7,10,0.6,1.2,6.8,41.2,13,3,3.5,182.3,55.1,18.5
7,3,1,1,27.6,9,18.6,13.8,9.3,4.5,4,0.5,10.1,100.8,22,82,17.9,18.8,4.1,134.4,55.8,149.3,91.1,221.8,23.8,2.3,41.1,14.5,95,60,656,170,24,3,0.4,11,0.6,0.5,4.3,11.5,5.5,3.9,2.9,130.7,56.7,14.7
7,3,1,2,24.4,8.8,15.6,12.2,7.8,4.4,3.5,0.9,8.4,109,23.8,97.1,21.2,11.9,2.6,115.2,47.8,142.9,61.9,199.5,25.5,2.8,31,11,99,55,700,184,34,3,0.3,12,0.7,0.6,4.5,13.8,6.1,3.8,3.1,136.9,56.9,15
7,3,1,3,34.2,6.2,28,17.1,14,3.1,2.6,0.5,15.1,119.1,26,112.2,24.5,6.9,1.5,117.6,48.8,155.8,72.6,214.4,15.3,9.3,33.9,12.9,90,87,718,192,30,3,0.9,14,0.9,0.7,5.1,13.8,6.8,3.7,3.1,129.5,57.6,15.4
8,3,1,1,46.4,15.6,30.8,23.2,15.4,7.8,7.3,0.5,16.6,151.1,33,149.3,32.6,1.8,0.4,132,54.8,190.4,78.7,183,11.9,38.5,43,13.1,94,51,666,216,30,4,0.3,12,2.2,0.7,4.7,22.5,9.8,3.1,3.1,181.5,53.4,17.3
8,3,1,2,33.7,8.6,25.1,19.7,15.4,4.3,3.7,0.6,13.5,136.6,29.8,120.9,26.4,15.7,3.4,110.4,45.8,163,52.1,256.1,16.6,2.8,20.3,11.9,91,103,798,202,28,7,0.5,17,3.4,1,5.5,13.6,6.6,4,3.3,113,59.6,15.1
8,3,1,3,30.8,9.4,21.4,17.5,12.8,4.7,4.2,0.5,11.5,101.9,22.2,96.2,21,5.7,1.2,88.8,36.9,128,43.9,210.7,16.4,6.4,20.8,9.9,93,64,596,170,28,3,0.5,12,1.7,0.7,4.1,13.4,7,3.5,2.7,137.1,55.3,15.8
9,3,1,1,42.4,10.8,31.6,21.2,15.8,5.4,4.8,0.6,17.1,215.3,47,197.4,43.1,17.9,3.9,144,59.8,235.6,97.8,255.7,16.2,4.1,38.2,16.5,85,61,696,224,30,4,0.6,10,1.3,0.9,5.4,29.5,12.4,3.1,3.2,175.5,54.3,17.5
9,3,1,2,40.5,17,23.5,25,16.5,8.5,6.9,1.6,12.7,354,77.3,329.3,71.9,24.7,5.4,134.4,55.8,318.3,50.3,282.5,17.1,1.6,17.8,12.3,62,62,750,216,30,7,0.8,14,2.3,1.8,7.8,58,19.2,3.5,3.2,123.4,58.4,16.8
9,3,1,3,58,16.6,41.4,30.3,22,8.3,7.8,0.5,22.3,262.6,57.3,233.6,51,29,6.3,144,59.8,274.3,67.7,288.2,13.1,2.4,23.5,14.7,90,61,856,252,30,7,0.7,12,1.9,1.2,6.2,33.8,11.9,3.4,3.7,161,57.2,16.8
10,3,1,1,61.2,19.6,41.6,30.6,20.8,9.8,8.2,1.6,22.5,455,99.3,441.1,96.3,13.9,3,216,89.7,436.6,80,291.9,14,5.6,27.4,15.9,74,53,1072,326,28,6,0.9,15,1.2,1.3,9.4,75.8,18,3.3,4.6,179.6,58.2,17.7
10,3,1,2,61,23.2,37.8,31.5,19.9,11.6,11.1,0.5,20.4,472.3,103.1,451.1,98.5,21.2,4.6,175.2,72.7,426.4,71.4,300.7,15.1,3.1,23.7,15.1,72,55,1046,306,30,6,1,15,1.4,1.4,9.4,77.6,18.8,3.4,4.4,152.5,59.3,17.4
10,3,1,3,61.2,23.4,37.8,30.6,18.9,11.7,10.9,0.8,20.4,393.9,86,333.4,72.8,60.5,13.2,184.8,76.7,381.2,124.2,278.4,14.7,1.4,44.6,17.8,85,71,854,270,32,8,0.9,13,2.1,1.5,6.6,46.7,17,3.2,3.8,190.1,55.6,17.6
11,3,1,1,39.6,8.6,31,19.8,15.5,4.3,2.9,1.4,16.8,123.1,26.9,98.9,21.6,24.1,5.3,108,44.8,156.3,57.8,210.6,13.6,2.4,27.4,11.5,89,56,586,168,30,5,0.5,10,3.4,0.8,4.2,14.9,7.4,3.5,2.7,140.8,54.8,15.7
11,3,1,2,23.9,6.6,17.3,17,13.7,3.3,2.8,0.5,9.4,146.1,31.9,137.4,30,8.7,1.9,103.2,42.8,160.1,31.2,197.5,14.4,3.4,15.8,8.4,78,69,598,174,38,4,0.6,10,2,0.9,4.9,20.4,10,3.4,2.7,136.1,55.4,16.1
11,3,1,3,52.8,15.6,37.2,26.4,18.6,7.8,7.3,0.5,20.1,201.5,44,160.3,35,41.2,9,175.2,72.7,248.6,99,210.9,11.3,2.1,46.9,16,88,58,666,216,32,6,0.6,14,3.3,0.9,5,24,10.5,3.1,3.1,189.3,53,17.2
12,3,1,1,52.2,20.4,31.8,29.9,19.7,10.2,9.7,0.5,17.2,145.8,31.8,130.5,28.5,15.2,3.3,91.2,37.9,168.9,41.2,204.5,10.4,3.6,20.1,10.2,88,49,704,244,28,6,0.4,13,2.2,0.6,5.4,20.8,8.1,2.9,3.3,182.1,54,18.7
12,3,1,2,39.6,11.4,28.2,19.8,14.1,5.7,2.9,2.8,15.2,114.5,25,100.3,21.9,14.2,3.1,86.4,35.9,139.6,87.9,193.1,13.7,4.6,45.5,14.1,94,46,612,198,32,3,0.2,12,1.1,0.6,4.3,15.6,7.2,3.1,2.9,166.3,53.5,17.3
12,3,1,3,45.6,13,32.6,22.8,16.3,6.5,6,0.5,17.6,132.8,29,112.2,24.5,20.6,4.5,93.6,38.9,158.3,99.6,188.8,11.6,3.6,52.8,15.4,81,65,618,178,26,6,0.6,11,2,0.8,4.9,16.8,7.9,3.5,2.7,127.3,56.4,16.2
13,3,1,1,39.2,11,28.2,19.6,14.1,5.5,5,0.5,15.2,106.1,23.2,88.9,19.4,17.3,3.8,112.8,46.8,147.8,59.1,216.1,15.3,3.1,27.3,11.6,99,67,590,174,26,4,0.4,11,2.6,0.7,3.9,11.7,6.6,3.4,2.7,155.3,53.8,15.9
13,3,1,2,37.6,8.6,29,18.8,14.5,4.3,3.5,0.8,15.7,151.1,33,126.9,27.7,24.3,5.3,96,39.8,167,100.5,220.1,15.2,2.7,45.7,14.2,84,67,620,194,36,4,0.5,11,1.9,1,4.8,18.3,8.9,3.2,2.8,154.4,54.4,17
13,3,1,3,36,2,34,18,17,1,0.5,0.5,18.4,105.3,23,93.9,20.5,11.5,2.5,74.4,30.9,125.6,78.6,187,11,6.8,42,13.3,74,54,522,154,30,3,0.3,12,1,0.8,4.6,16,7.9,3.4,2.4,120.7,55.2,16.3
1,3,2,1,44.2,17.6,26.6,22.1,13.3,8.8,8.3,0.5,14.4,270.2,59,228.1,49.8,42.1,9.2,194.4,80.7,297.9,76,165.3,12.4,1.4,46,12.2,78,66,732,234,52,42,0.4,9,0.5,2.1,6.2,34.6,13.6,3.1,3.4,196,53.6,17.1
1,3,2,2,53.8,34.4,19.4,28.5,11.3,17.2,16.3,0.9,10.5,149.5,32.6,130.1,28.4,19.4,4.2,141.6,58.8,198.3,45.5,212.6,18.8,1.7,21.4,9.9,97,46,734,220,42,45,0.3,9,0.6,1.5,4.9,19.9,7.7,3.3,3.3,177.2,54.8,16.4
1,3,2,3,32.2,2.8,29.4,16.1,14.7,1.4,0.6,0.8,15.9,83.6,18.2,65.5,14.3,18.1,3.9,115.2,47.8,130.8,66.7,238.4,16.2,3.1,28,12.9,86,46,560,198,26,4,0.3,7,0.4,1.2,4.4,10.8,5.1,2.8,2.7,179.8,51.5,18.2
2,3,2,1,54.2,37.2,17,27.1,8.5,18.6,17.9,0.7,9.2,109.9,24,87,19,22.9,5,230.4,95.6,219.4,78.5,148,17.4,1.7,53,11.7,100,50,800,228,42,84,0.2,8,0.4,1.2,5.1,12.7,4.8,3.5,3.7,193.9,54.7,15.6
2,3,2,2,81.8,49,32.8,40.9,16.4,24.5,23.6,0.9,17.7,169.5,37,128.7,28.1,40.8,8.9,141.6,58.8,226.3,63.6,177.3,10.8,1.8,35.9,11.5,93,47,758,240,40,31,0.3,8,0.4,1.5,5.4,20.1,7.4,3.2,3.5,187,54.5,17.3
2,3,2,3,26.4,6,20.4,13.2,10.2,3,1.7,1.3,11,96.2,21,66.4,14.5,29.8,6.5,160.8,66.7,159.4,60.3,150.4,14.7,1.6,40.1,10.1,93,43,642,236,40,32,0.3,7,0.4,1.4,4.7,10.7,4.5,2.7,3.2,225.2,50.3,18.5
3,3,2,1,14.6,8.8,5.8,18.7,14.3,4.4,3.9,0.5,3.1,465,101.5,449.8,98.2,15.2,3.3,194.4,80.7,406.6,10.8,232,16.2,0.6,4.7,7.2,70,115,1362,314,58,20,1.1,9,0.3,2.9,12,53.1,14.4,4.3,5.3,80.6,64.2,14.8
3,3,2,2,44.2,21.6,22.6,22.1,11.3,10.8,10.3,0.5,12.2,352.7,77,263.8,57.6,88.9,19.4,146.4,60.8,325.7,104.9,192.3,17,0.6,54.6,13.7,88,91,1044,298,46,23,0.9,8,0.4,2.3,7.6,32.2,11,3.5,4.4,161.2,58.9,16.8
3,3,2,3,44,25.8,18.2,22,9.1,12.9,10.5,2.4,9.8,287.7,62.8,219.4,47.9,68.3,14.9,139.2,57.8,280.3,61.7,199.8,21.9,0.6,30.9,11.1,72,48,1088,364,54,34,1,7,2.6,3.2,10.1,39.9,8.8,3,4.8,208.6,57.1,19.1
4,3,2,1,83.2,61,22.2,41.6,11.1,30.5,26.3,4.2,12,540.4,117.9,417.7,91.2,122.7,26.8,192,79.7,490.7,84.8,178.7,16.1,0.4,47.5,13.2,78,89,1018,294,60,36,0.5,7,0.5,2.6,8.4,54.6,17.9,3.5,4.4,176.5,58,16.7
4,3,2,2,35.6,16.4,19.2,17.8,9.6,8.2,2.8,5.4,10.4,458,99.9,354.5,77.4,103.5,22.6,132,54.8,381,74.9,183.4,19.1,0.4,40.8,12.1,96,89,962,266,52,21,0.4,8,0.4,2.8,6.4,41.8,16.1,3.6,4.1,158.5,58.4,16.1
4,3,2,3,75.4,55.8,19.6,37.7,9.8,27.9,23.9,4,10.6,774,168.9,601.8,131.3,172.2,37.6,206.4,85.7,643.4,134.1,348.8,35.6,0.3,38.4,19.1,84,109,1294,286,78,52,0.5,9,0.3,3.9,9.4,68.1,20.3,4.5,5.1,99.9,63.1,14
5,3,2,1,74.6,66.2,8.4,40.2,7.1,33.1,27.3,5.8,4.6,391.4,85.4,338,73.8,53.4,11.7,206.4,85.7,398.1,51.7,348.5,49,0.3,14.8,12.9,81,49,1014,342,48,33,0.7,11,0.3,2.3,8.4,56.8,14.6,3,4.6,232.3,55.3,18.7
5,3,2,2,33.6,4.8,28.8,16.8,14.4,2.4,1,1.4,15.6,201.5,44,138.8,30.3,62.7,13.7,110.4,45.8,204.5,68.5,184.1,12.8,1.1,37.2,12,89,69,822,284,34,6,0.5,8,0.4,1.7,6.2,19.2,7.4,2.9,3.8,199.8,54.7,18.9
5,3,2,3,38.8,16.8,22,19.4,11,8.4,6.4,2,11.9,306.9,67,233.6,51,73.3,16,148.8,61.8,294.7,64.5,188.3,17.1,0.7,34.3,11.3,84,49,996,314,50,26,0.7,10,0.3,2,7.8,38.3,10.2,3.2,4.4,193.7,56.9,17.9
6,3,2,1,68,42.4,25.6,34,12.8,21.2,17.9,3.3,13.8,494.6,107.9,410.4,89.6,84.3,18.4,216,89.7,465.6,106.6,244.3,19.1,0.7,43.6,15.1,58,52,918,306,36,34,0.8,9,0.3,2,10.6,81.5,19.5,3,4.1,194.9,56.1,18.7
6,3,2,2,48,19.6,28.4,24,14.2,9.8,8.1,1.7,15.3,430.5,94,328.4,71.7,102.1,22.3,216,89.7,413.8,97.6,239.2,16.8,0.6,40.8,16,77,53,1018,330,42,30,0.8,9,0.4,1.8,8.8,55.2,14.1,3.1,4.5,212.6,56.3,18.2
6,3,2,3,47.6,25,22.6,23.8,11.3,12.5,9.5,3,12.2,247.3,54,195.1,42.6,52.2,11.4,163.2,67.7,268.9,95.4,221.3,19.6,1,43.1,15.1,87,44,906,280,40,22,0.6,11,0.4,1.5,6.8,32.5,9.4,3.2,4,185.3,56.5,17.4
7,3,2,1,32.8,8.6,24.2,16.4,12.1,4.3,1.5,2.8,13.1,91.6,20,65.5,14.3,26.1,5.7,132,54.8,145,77.6,194.1,16,2.1,40,12.9,87,45,704,170,30,16,0.2,6,0.4,1.3,5,10.8,4.1,4.1,3,110.3,58.8,14.2
7,3,2,2,24.3,7.6,16.7,15.2,11.4,3.8,1.6,2.2,9,100.7,22,83.8,18.3,16.8,3.7,98.4,40.8,128.7,33.6,183.7,16.1,1.7,18.3,8.2,119,59,824,234,48,7,0.3,13,0.4,1.3,4.4,10.3,4.4,3.5,3.7,177.2,56,15.9
7,3,2,3,29.2,2.6,26.6,14.6,13.3,1.3,0.8,0.5,14.4,145,31.6,103.5,22.6,41.5,9,177.6,73.7,200.9,77.6,241.7,18.2,1.4,32.1,13.9,107,88,802,190,24,5,0.3,12,0.6,2.1,4.6,11.6,5.6,4.2,3.4,131.2,58.4,13.8
8,3,2,1,64,45.6,18.4,32,9.2,22.8,20.6,2.2,9.9,151.1,33,118.6,25.9,32.5,7.1,194.4,80.7,232.4,57.6,169.1,18.4,1.3,34.1,10.1,92,40,758,232,42,36,0.4,10,0.4,1.9,5.4,19.6,6.8,3.3,3.5,193.5,54.2,16.6
8,3,2,2,28.2,2.4,25.8,14.1,12.9,1.2,0.7,0.5,13.9,137.4,30,97.6,21.3,39.8,8.7,124.8,51.8,168.1,78.4,175.9,13.6,1.5,44.6,12.6,99,85,864,212,28,5,0.4,11,0.5,1.7,5.4,11.6,4.9,4.1,3.6,115.3,60,14.7
8,3,2,3,38.4,18,20.4,19.2,10.2,9,7.1,1.9,11,114.5,25,81.1,17.7,33.4,7.3,120,49.8,156.4,82.2,163.3,16,1.4,50.3,12.5,87,51,724,216,44,48,0.3,7,0.4,1.6,5.4,12.8,4.9,3.4,3.3,160.8,55.6,16.6
9,3,2,1,111.8,64,47.8,55.9,23.9,32,27.7,4.3,25.8,251.9,55,179.1,39.1,72.8,15.9,194.4,80.7,322.7,102.8,247.8,10.4,1.5,41.5,15.9,95,56,892,280,38,31,0.6,7,0.4,2.2,6.2,25.9,8.8,3.2,4,205.6,55.3,17.3
9,3,2,2,46.8,15.6,31.2,23.4,15.6,7.8,4.3,3.5,16.9,338.9,74,267,58.3,71.9,15.7,144,59.8,317.1,68.5,202.3,13,1,33.9,12.5,82,63,948,282,46,28,0.6,14,0.5,2.1,7.5,40.2,12.3,3.4,4.1,167.1,57.8,17.2
9,3,2,3,84.6,61.4,23.2,42.3,11.6,30.7,29.5,1.2,12.5,265.6,58,197.4,43.1,68.2,14.9,192,79.7,315.5,103.6,208.4,18,0.8,49.7,14,91,47,916,276,38,24,0.5,10,0.4,1.9,6.5,31.2,9.4,3.3,4.1,188.7,56.4,17
10,3,2,1,51.6,22,29.6,25.8,14.8,11,9.7,1.3,16,467.2,101.9,371,81,96.2,21,187.2,77.7,424.2,87.1,218.6,14.8,0.7,39.8,14.6,79,46,1108,344,46,25,0.9,14,0.4,2.3,9.2,64.8,14.6,3.2,4.8,195.7,57.8,17.9
10,3,2,2,37.5,20,17.5,26.9,16.9,10,8,2,9.4,458.8,100.1,418.6,91.4,40.1,8.8,156,64.8,395,82.6,639,37.8,0.7,12.9,22.7,86,51,1238,332,46,12,0.9,14,0.3,2.5,9.1,66.7,14.8,3.7,5.1,138.4,61.2,16.4
10,3,2,3,64.8,39.2,25.6,32.4,12.8,19.6,19.1,0.5,13.8,421.4,92,319.2,69.7,102.1,22.3,192,79.7,404.5,97.4,233.5,18.2,0.6,41.7,15.7,130,78,1006,276,42,32,0.7,12,0.5,2.9,4.9,33.5,13.9,3.6,4.4,201.2,56.7,15.5
11,3,2,1,56.8,32.2,24.6,28.4,12.3,16.1,14.3,1.8,13.3,119.1,26,83.8,18.3,35.3,7.7,204,84.7,213,85.1,212.7,17.3,1.6,40,14,97,52,792,196,38,46,0.3,7,0.5,1.5,5.1,12.3,4.6,4,3.5,147.2,57.3,14.2
11,3,2,2,34,7.8,26.2,17,13.1,3.9,3.1,0.8,14.2,169.5,37,120.9,26.4,48.5,10.6,141.6,58.8,200.5,93.5,186,14.2,1.2,50.3,14.4,104,82,862,236,42,81,0.4,9,0.6,2.1,5.3,14.2,6.1,3.7,3.8,161.3,57.3,15.7
11,3,2,3,70.8,44.2,26.6,35.4,13.3,22.1,21,1.1,14.4,196.9,43,145.2,31.7,51.8,11.3,213.6,88.7,275.4,71.8,215.1,16.2,1.2,33.4,12.8,112,58,850,250,48,39,0.4,14,0.5,1.2,4.9,18.6,7.5,3.4,3.9,213.5,54.3,16
12,3,2,1,67.8,45.8,22,34.7,11.8,22.9,21.8,1.1,11.9,176.4,38.5,139.2,30.4,37.2,8.1,184.8,76.7,245.6,37.3,160,13.5,1,23.3,8.1,107,57,910,300,42,46,0.4,13,0.4,1.2,5.7,18.5,6.7,3,4.2,234.1,54.1,17.8
12,3,2,2,41,13.6,27.4,20.5,13.7,6.8,6,0.8,14.8,159.2,34.7,122.7,26.8,36.5,8,122.4,50.8,187.7,56.7,196.5,14.3,1.5,28.9,11,109,53,896,260,44,23,0.4,13,0.4,1.2,5.3,16.5,6,3.4,3.9,178.2,56.7,16.5
12,3,2,3,33,2.8,30.2,16.5,15.1,1.4,0.9,0.5,16.3,123.7,27,86.1,18.8,37.6,8.2,141.6,58.8,170.6,71.5,167.1,11.1,1.8,42.8,12,84,65,682,200,34,8,0.3,6,0.5,0.8,5.3,12.6,5.5,3.4,3.1,153.5,55.5,16.3
13,3,2,1,23.8,3,20.8,11.9,10.4,1.5,0.5,1,11.2,105.3,23,74.2,16.2,31.1,6.8,172.8,71.7,170.1,75.3,164.7,15.8,1.5,45.7,11.9,75,46,668,174,24,5,0.2,6,0.6,0.7,5.6,13.4,4.9,3.8,2.9,122.6,57.5,15
13,3,2,2,42,11.6,30.4,21,15.2,5.8,4.3,1.5,16.4,164.9,36,117.2,25.6,47.6,10.4,175.2,72.7,219.3,91.6,221.2,14.5,1.5,41.4,15.1,73,54,618,206,44,43,0.3,6,0.5,1.1,5.6,20.2,8.3,3,3,185.4,52.3,17.4
13,3,2,3,39.2,15.6,23.6,19.6,11.8,7.8,4.1,3.7,12.8,131.9,28.8,95.7,20.9,36.2,7.9,127.2,52.8,171.7,63.3,218.9,18.5,1.3,28.9,11.9,78,57,704,220,48,25,0.3,8,0.5,1.1,5.9,15.5,5.9,3.2,3.2,167.2,54.9,17.2
