TRT,YR,ST,Rep,Total Available Nitrogen (TAN),Available Inorganic Nitrogen (AIN),Mineralized Organic Nitrogen (biological N),Total Available Nitrogen (WEN),Water Extractable Organic Nitrogen (WEON),Total Inorganic Nitrogen (TIN),NO3-N,NH4-N, $ of Nitrogen Saved ,Total Available P as P2O5,Total Available Phosphorus as P,Available Inorganic P as P2O5 ,Available Inorganic P,Mineralized Organic P as P2O5,Mineralized Organic P as P,Available Potassium as K2O,Potassium as K, NPK Value as $/a ,One day respiration (Solvita CO2-C),Water Extractable Organic Carbon (WEOC),Organic C:N ratio,Organic N:P ratio,% Microbially Active Carbon,Soil Health Calculation,Aluminum,Iron,Calcium,Magnesium,Sodium,Sulfur as S,Boron,Manganese,Copper,Zinc,Calcium + Magnesium / Aluminum,% P Saturation Iron + Aluminum,% P Saturation Calcium,Ca:Mg,Plant Effective CEC (PECEC),Ca Need,Ca %,Mg %
1,1,1,1,32.2,17.2,15,21.5,12.9,8.6,7.5,1.1,8.11,31.2,6.8,27,5.9,4.2,0.9,148.8,61.8,114.76,17.5,120.3,9.3,6.1,14.5,5.4,19,18,302,34,10,2,0.21,2,0.2,0.4,17.68,15.9,2,8.88,2.07,-42.2,73.1,8.2
1,1,1,2,32.9,21.2,11.7,18.9,8.3,10.6,8.6,2,6.33,17,3.7,15.6,3.4,1.5,0.3,134.4,55.8,98.56,21.3,120.8,14.5,13.9,17.6,5.4,18,13,332,37,9,2,0.23,3,0.22,0.4,20.5,11,1,8.97,2.22,-61,74.9,8.3
1,1,1,3,55.2,44.6,10.6,31.1,8.8,22.3,20.5,1.8,5.71,13.5,2.9,13.3,2.9,0.2,0,168,69.7,125.79,17.5,116.6,13.2,88.1,15,5,20,16,257,33,8,3,0.2,3,0.21,0.4,14.5,8.1,1.1,7.79,1.85,-11.5,69.5,8.9
2,1,1,1,51.4,29,22.4,29.1,14.6,14.5,11.9,2.6,12.07,13.5,3,13.3,2.9,0.3,0.1,136.8,56.8,107.54,23.2,121.3,8.3,146.1,19.1,6.2,16,12,388,48,16,4,0.25,2,0.36,0.47,27.25,10.4,0.7,8.08,2.61,-64.9,74.2,9.2
2,1,1,2,30.9,23.8,7.1,17.5,5.6,11.9,9.5,2.4,3.85,13.5,2.9,13.3,2.9,0.2,0,110.4,45.8,82.75,19.8,124.6,22.2,56.1,15.9,5,19,13,325,35,8,3,0.2,2,0.21,0.4,18.95,9.1,0.9,9.29,2.14,-68.2,76,8.2
2,1,1,3,48.6,31,17.6,28.4,12.9,15.5,13.2,2.3,9.5,19.8,4.3,16.5,3.6,3.3,0.7,144,59.8,113.77,20.5,120.3,9.3,9.2,17,5.7,23,19,234,30,8,3,0.2,4,0.22,0.4,11.48,8.6,1.5,7.8,1.69,-7.5,69.1,8.9
3,1,1,1,51.4,24.4,27,25.8,13.6,12.2,8.7,3.5,14.57,16.8,3.7,12.4,2.7,4.4,1,96,39.8,88.42,31.8,128.3,9.4,10.5,24.8,7.1,26,19,331,40,8,3,0.22,3,0.23,0.4,14.27,6,0.8,8.27,2.22,-57.9,74.5,9
3,1,1,2,60.2,26,34.2,30.1,17.1,13,10.4,2.6,18.48,21.4,4.7,16,3.5,5.4,1.2,136.8,56.8,117.37,33.7,128.7,7.5,11.4,26.2,7.7,20,14,324,34,9,3,0.21,3,0.22,0.4,17.9,10.3,1.1,9.53,2.16,-59.9,74.9,7.9
3,1,1,3,56,30,26,30.5,15.5,15,13,2,14.06,21.5,4.7,19.2,4.2,2.3,0.5,146.4,60.8,120.18,25.1,119.6,7.7,19.4,21,6.5,21,17,276,30,9,3,0.2,3,0.21,0.51,14.57,11.1,1.5,9.2,1.9,-34.5,72.5,7.9
4,1,1,1,49.3,34.8,14.5,25.3,7.9,17.4,15,2.4,7.81,26.9,5.9,25.6,5.6,1.3,0.3,153.6,63.8,123.7,28.1,122.9,15.5,19.8,22.9,6.1,21,14,349,41,9,4,0.26,3,0.24,0.4,18.57,16,1.6,8.51,2.37,-54.2,73.7,8.7
4,1,1,2,34.1,16.6,17.5,19.9,11.6,8.3,6.4,1.9,9.43,16.3,3.6,13.7,3,2.6,0.6,127.2,52.8,94.99,24.5,130.3,11.2,11.6,18.8,6.2,20,14,345,34,9,2,0.2,3,0.21,0.4,18.95,8.8,0.9,10.15,2.26,-76.2,76.4,7.5
4,1,1,3,42.2,32.8,9.4,23.7,7.3,16.4,13.7,2.7,5.09,18.1,3.9,17.9,3.9,0.2,0,127.2,52.8,100.52,22.5,139.5,19.1,73.1,16.1,5.8,20,15,308,38,8,3,0.2,2,0.2,0.4,17.3,11.1,1.3,8.11,2.1,-44.6,73.3,9
5,1,1,1,51.4,30.8,20.6,25.7,10.3,15.4,13.4,2,11.13,22.4,4.9,20.2,4.4,2.2,0.5,141.6,58.8,115.7,30.7,115.1,11.2,17.2,26.7,6.4,20,15,331,34,8,3,0.2,3,0.24,0.56,18.25,12.6,1.3,9.74,2.2,-64.2,75.3,7.7
5,1,1,2,55.2,25.8,29.4,29.2,16.3,12.9,10.8,2.1,15.88,15.8,3.4,10.5,2.3,5.3,1.1,115.2,47.8,99.83,27.7,122.9,7.5,9.6,22.5,6.9,19,13,341,32,8,3,0.2,3,0.2,0.45,19.63,7.2,0.7,10.66,2.2,-83.8,77.5,7.3
5,1,1,3,62.6,22.6,40,34.8,23.5,11.3,8.6,2.7,21.6,16,3.5,11.9,2.6,4.1,0.9,110.4,45.8,101.45,26.2,123.2,5.2,16.8,21.3,7.4,18,15,208,26,8,3,0.2,3,0.22,0.42,13,7.9,1.3,8,1.48,-14.7,70.5,8.8
6,1,1,1,53.5,28.6,24.9,29.4,15.1,14.3,11,3.3,13.46,31.2,6.8,22.4,4.9,8.8,1.9,117.6,48.8,110.04,26.8,130,8.6,4.9,20.6,6.8,21,12,438,47,9,3,0.33,2,0.2,0.4,23.1,14.8,1.1,9.32,2.82,-108,77.6,8.3
6,1,1,2,76.8,29.2,47.6,38.4,23.8,14.6,11.9,2.7,25.71,17.7,3.9,15.1,3.3,2.6,0.6,124.8,51.8,117.74,33.7,123.2,5.2,34,27.4,8.2,18,13,303,30,9,3,0.2,3,0.2,0.45,18.5,10.6,1.1,10.1,2,-61.1,75.6,7.5
6,1,1,3,85.6,34.8,50.8,44.7,27.3,17.4,15.2,2.2,27.42,24.6,5.4,17.9,3.9,6.7,1.5,117.6,48.8,123.08,30,129.1,4.7,13,23.2,5.9,25,17,383,54,9,4,0.24,3,0.2,0.42,17.48,9.3,1,7.09,2.62,-53,73.1,10.3
7,1,1,1,66.2,25,41.2,33.9,21.4,12.5,10,2.5,22.24,21.2,4.6,16.9,3.7,4.3,0.9,96,39.8,99.26,31,128.9,6,16.5,24,7.8,19,13,369,45,9,3,0.23,2,0.25,0.49,21.79,11.6,1,8.2,2.43,-76.7,75.9,9.3
7,1,1,2,78.3,23.4,54.9,39.2,27.5,11.7,9.8,1.9,29.66,32.4,7.1,19.7,4.3,12.7,2.8,124.8,51.8,127.92,31,124.2,4.5,7.4,25,5.9,40,29,361,53,9,3,0.23,5,0.2,0.47,10.35,6.2,1.2,6.81,2.57,-24.1,70.3,10.3
7,1,1,3,37.9,21.6,16.3,23.5,12.7,10.8,8.6,2.2,8.78,15.2,3.3,12.4,2.7,2.9,0.6,132,54.8,98.83,19.1,119.4,9.4,9.8,16,5.6,23,18,277,32,9,3,0.2,3,0.21,0.4,13.43,6.6,1,8.66,1.92,-32.8,72.3,8.4
8,1,1,1,44,23.8,20.2,30.6,18.7,11.9,9.6,2.3,10.89,33.9,7.4,32.1,7,1.9,0.4,81.6,33.9,87.87,16,118.8,6.3,18.7,13.5,5.8,25,14,502,41,9,3,0.26,2,0.2,0.4,21.72,17.9,1.4,12.24,3.07,-169.1,81.8,6.7
8,1,1,2,56,35.6,20.4,28,10.2,17.8,14.7,3.1,11.03,13.2,2.9,10.5,2.3,2.7,0.6,112.8,46.8,97.36,30,107.9,10.6,14.6,27.8,6.2,19,14,322,35,9,3,0.2,3,0.2,0.42,18.79,7,0.7,9.2,2.13,-64.4,75.6,8.2
8,1,1,3,63.3,25,38.3,31.7,19.2,12.5,10.3,2.2,20.71,16.9,3.7,12.8,2.8,4.1,0.9,129.6,53.8,112.44,25.4,101.8,5.3,16,25,6.5,18,15,247,27,8,3,0.2,3,0.2,0.4,15.22,8.5,1.1,9.15,1.7,-31.8,72.7,7.9
9,1,1,1,59.1,24.4,34.7,30.3,18.1,12.2,9.8,2.4,18.74,17.3,3.8,14.7,3.2,2.6,0.6,117.6,48.8,104.14,26.4,110.2,6.1,22.6,24,6.7,18,13,296,35,8,3,0.2,2,0.2,0.4,18.39,10.3,1.1,8.46,2,-48.5,74.1,8.8
9,1,1,2,65.3,42.4,22.9,33.6,12.4,21.2,17.4,3.8,12.39,33.7,7.4,27,5.9,6.7,1.5,184.8,76.7,152.94,30.9,133.7,10.8,5.9,23.1,7,26,19,336,37,9,4,0.23,3,0.2,0.45,14.35,13.1,1.8,9.08,2.32,-40.9,72.4,8
9,1,1,3,53.7,34.6,19.1,29.6,12.3,17.3,13.2,4.1,10.32,19.5,4.2,14.7,3.2,4.8,1,110.4,45.8,98.86,24,123.7,10,6.8,19.4,6.1,21,16,263,35,9,3,0.2,2,0.2,0.4,14.19,8.6,1.2,7.51,1.84,-25.3,71.4,9.5
10,1,1,1,59,40.2,18.8,31.4,11.3,20.1,17.1,3,10.16,31.9,7,31.6,6.9,0.3,0.1,84,34.9,95.95,24.2,116.4,10.3,113.1,20.8,5.9,18,10,384,41,10,3,0.21,2,0.25,0.4,23.61,24.6,1.8,9.37,2.46,-98.6,78,8.3
10,1,1,2,39.7,20.2,19.5,25.9,15.8,10.1,7.9,2.2,10.52,15.4,3.4,12.8,2.8,2.5,0.6,91.2,37.9,78.68,17.2,111.7,7.1,13.2,15.4,5.5,16,12,255,30,8,3,0.2,2,0.22,0.4,17.81,10,1.1,8.5,1.72,-43.3,74.3,8.7
10,1,1,3,30.3,22.2,8.1,17.4,6.3,11.1,8,3.1,4.39,18.1,3.9,17.9,3.9,0.2,0,120,49.8,90.36,19.2,119.1,18.9,63.1,16.1,4.9,18,15,211,27,9,3,0.2,3,0.25,0.69,13.22,11.8,1.8,7.81,1.51,-10.4,69.7,8.9
11,1,1,1,51.5,35.4,16.1,29.6,11.9,17.7,13.7,4,8.68,17.9,3.9,17.4,3.8,0.5,0.1,108,44.8,95.39,20.2,119.7,10.1,59.5,16.9,5.6,23,15,350,45,9,3,0.22,2,0.2,0.4,17.17,10,1.1,7.78,2.36,-57,74,9.5
11,1,1,2,52.7,23.6,29.1,27.7,15.9,11.8,8.4,3.4,15.71,22.3,4.9,21.1,4.6,1.3,0.3,129.6,53.8,110.14,25.9,113.3,7.1,39.8,22.9,6.4,18,13,292,32,9,3,0.2,2,0.2,0.4,18,14.8,1.6,9.13,1.97,-48.1,74.1,8.1
11,1,1,3,62.6,31,31.6,33.5,18,15.5,12.1,3.4,17.06,26.1,5.7,23.4,5.1,2.7,0.6,124.8,51.8,115.38,27.8,126.8,7,20,21.9,7.1,19,14,271,36,8,3,0.2,2,0.2,0.4,16.16,15.5,1.9,7.53,1.89,-27.2,71.6,9.5
12,1,1,1,44.5,25.4,19.1,24.6,11.9,12.7,10.2,2.5,10.31,21.8,4.8,20.2,4.4,1.7,0.4,98.4,40.8,89.15,24.7,123.3,10.4,19.9,20,6.1,30,21,333,43,8,3,0.23,3,0.2,0.4,12.53,8.6,1.3,7.74,2.27,-47.7,73.2,9.5
12,1,1,2,56.2,38.2,18,32.8,13.7,19.1,16.1,3,9.71,24.2,5.3,21.1,4.6,3.2,0.7,129.6,53.8,113.23,18.3,111.6,8.1,9.8,16.4,5.4,20,13,322,39,9,3,0.2,2,0.2,0.4,18.05,13.9,1.4,8.26,2.19,-49.4,73.7,8.9
12,1,1,3,52.7,29.4,23.3,32.5,17.8,14.7,12,2.7,12.58,20.8,4.5,18.8,4.1,2,0.4,163.2,67.7,126.63,19.7,120.5,6.8,19.8,16.3,6.2,23,18,270,33,9,3,0.2,3,0.2,0.4,13.17,10,1.5,8.18,1.92,-17,70.2,8.6
13,1,1,1,37.8,28.6,9.2,23,8.7,14.3,10.6,3.7,4.99,17.8,3.9,17.4,3.8,0.4,0.1,96,39.8,81.73,15.4,116.1,13.3,43.5,13.3,4.7,19,11,337,41,9,2,0.2,2,0.2,0.4,19.89,12.7,1.1,8.22,2.24,-65.3,75.3,9.2
13,1,1,2,68.4,39.6,28.8,35.2,15.4,19.8,16.2,3.6,15.53,30.1,6.6,25.6,5.6,4.5,1,168,69.7,143.56,26.8,114.9,7.5,11,23.3,6.5,21,13,365,40,9,3,0.21,3,0.2,0.4,19.29,16.5,1.5,9.13,2.45,-62.5,74.4,8.2
13,1,1,3,101.9,43.4,58.5,57.3,35.6,21.7,18.7,3,31.59,26.4,5.8,24.7,5.4,1.7,0.4,165.6,68.7,158.05,25.2,122.7,3.4,59.4,20.5,5.3,21,16,275,32,7,3,0.2,3,0.2,0.4,14.62,14.6,2,8.59,1.93,-26.1,71.4,8.3
1,1,2,1,89.2,67.6,21.6,52.9,19.1,33.8,31.2,2.6,11.68,71,15.5,66,14.4,5.1,1.1,585.6,243.1,398.14,16.5,116.6,6.1,7.3,14.2,5.9,44,14,458,140,23,16,0.31,5,0.2,0.68,13.59,24.8,3.1,3.27,4.34,265.5,52.7,16.1
1,1,2,2,65.9,41,24.9,41.8,21.3,20.5,17.9,2.6,13.45,67.1,14.6,58.6,12.8,8.4,1.8,321.6,133.5,245.73,16.9,115.7,5.4,5.1,14.6,6.1,48,16,465,127,17,8,0.28,5,0.22,0.63,12.33,20,2.8,3.66,3.98,151.7,58.5,16
1,1,2,3,63.4,41,22.4,47.2,26.7,20.5,17.2,3.3,12.08,77.9,17,73.7,16.1,4.2,0.9,384,159.4,283.76,15.3,146.2,5.5,9.2,10.5,7.1,35,11,367,98,15,10,0.23,3,0.29,0.67,13.29,35,4.4,3.74,3.26,151.5,56.4,15.1
2,1,2,1,95.8,69,26.8,55.2,20.7,34.5,31,3.5,14.47,83.3,18.2,75.6,16.5,7.8,1.7,290.4,120.5,256.08,18.1,111.9,5.4,5.9,16.2,6.1,43,13,443,119,15,9,0.2,4,0.2,0.59,13.07,29.5,3.7,3.72,3.74,131.2,59.2,15.9
2,1,2,2,50.2,40,10.2,29.7,9.7,20,16.6,3.4,5.52,60.7,13.2,55.4,12.1,5.2,1.1,194.4,80.7,167.04,16.5,125.3,12.9,3.3,13.2,5.1,40,12,462,143,16,16,0.27,4,0.2,0.63,15.13,23.3,2.6,3.23,3.93,143.8,58.8,18.2
2,1,2,3,81.3,49.4,31.9,48.9,24.2,24.7,20.4,4.3,17.22,64.3,14,60,13.1,4.3,0.9,201.6,83.7,189.88,18.9,114.8,4.7,12.7,16.5,4.4,35,11,389,106,13,8,0.2,4,0.2,0.67,14.14,28.5,3.4,3.67,3.23,100.2,60.2,16.4
3,1,2,1,58.5,35,23.5,32,14.5,17.5,14.9,2.6,12.67,52.7,11.5,42.1,9.2,10.6,2.3,194.4,80.7,166.38,22.2,109.8,7.6,3.8,20.2,5.9,44,13,464,144,20,13,0.25,4,0.2,0.73,13.82,16.1,2,3.22,3.98,153.5,58.4,18.1
3,1,2,2,47.6,35.4,12.2,27.6,9.9,17.7,14.1,3.6,6.57,55,12,47.2,10.3,7.8,1.7,249.6,103.6,190.67,19.3,125.7,12.7,2.7,15.4,5.4,41,12,509,143,17,14,0.25,4,0.2,0.73,15.9,19.4,2,3.56,4.23,131.9,60.2,16.9
3,1,2,3,47.4,40,7.4,31.4,11.4,20,14.1,5.9,3.99,44,9.6,37.6,8.2,6.5,1.4,336,139.5,228.48,10.5,129.6,11.4,2,8.1,4.8,38,11,476,139,19,10,0.25,4,0.2,0.7,16.18,16.7,1.7,3.42,4.12,168.4,57.8,16.9
4,1,2,1,56.6,42.4,14.2,32.8,11.6,21.2,17.7,3.5,7.67,107,23.4,93,20.3,14.1,3.1,492,204.2,354.91,18.1,118.4,10.2,1.7,15.3,5.3,47,15,482,130,24,16,0.31,4,0.21,0.73,13.02,32.7,4.2,3.71,4.3,204.4,56.1,15.1
4,1,2,2,54.8,42.6,12.2,33.9,12.6,21.3,18.1,3.2,6.59,105,22.9,94.3,20.6,10.6,2.3,384,159.4,296.47,16.1,133,10.5,2,12.1,5.5,41,14,456,119,16,8,0.33,5,0.2,0.72,14.02,37.5,4.5,3.83,3.9,149.3,58.4,15.2
4,1,2,3,80.8,46.4,34.4,40.4,17.2,23.2,19.3,3.9,18.59,153.9,33.6,133.3,29.1,20.6,4.5,244.8,101.6,269.42,34,133.8,7.8,2.9,25.4,7.8,37,19,431,116,14,11,0.26,3,0.24,0.69,14.78,52,6.8,3.72,3.58,111.7,60.2,16.2
5,1,2,1,87.4,75.8,11.6,52,14.1,37.9,35.1,2.8,6.25,72,15.7,67.3,14.7,4.6,1,278.4,115.6,238.01,15.8,154.2,10.9,4.3,10.2,6.1,48,19,417,127,10,6,0.31,5,0.2,0.66,11.33,21.9,3.5,3.28,3.66,161.6,57,17.3
5,1,2,2,87.5,70.4,17.1,52.5,17.3,35.2,31.8,3.4,9.26,71.8,15.7,65.5,14.3,6.3,1.4,247.2,102.6,221.76,14.5,117.1,6.8,4.7,12.4,5.5,40,15,415,131,11,7,0.34,4,0.24,0.67,13.65,26,3.4,3.17,3.63,156.1,57.2,18.1
5,1,2,3,117.8,93.6,24.2,66.3,19.5,46.8,43.8,3,13.09,294.8,64.3,280.3,61.2,14.5,3.2,916.8,380.5,729.05,21.5,138.4,7.1,2.9,15.5,6.9,41,16,408,102,14,10,0.33,5,0.21,0.84,12.44,107.4,15,4,4.08,293.9,50,12.5
6,1,2,1,181.6,150.6,31,96.3,21,75.3,73.3,2,16.75,52.3,11.4,37.6,8.2,14.7,3.2,141.6,58.8,205.16,20.8,112.7,5.4,3.6,18.5,6.4,45,17,471,142,12,13,0.25,9,0.2,0.85,13.62,13.2,1.7,3.32,3.91,120.6,60.3,18.2
6,1,2,2,117,102.2,14.8,65.9,14.8,51.1,47.4,3.7,7.99,51.5,11.2,46.7,10.2,4.8,1,187.2,77.7,193.5,15.9,127.3,8.6,5.3,12.5,5.6,38,13,433,142,11,11,0.29,5,0.2,0.54,15.13,20,2.4,3.05,3.74,150.1,58,19
6,1,2,3,172.5,126.8,45.7,86.6,23.2,63.4,60.2,3.2,24.7,52.1,11.4,44,9.6,8.1,1.8,276,114.6,270.03,35.1,142.5,6.1,9.7,24.6,8.7,33,13,438,125,11,9,0.25,5,0.2,0.6,17.06,20.9,2.2,3.5,3.7,129.1,59.3,16.9
7,1,2,1,67.5,52.8,14.7,41.2,14.8,26.4,24,2.4,7.92,40,8.7,33.9,7.4,6.1,1.3,124.8,51.8,126.94,16.1,130,8.8,4.1,12.4,5.7,32,10,362,116,11,6,0.24,3,0.23,0.61,14.94,17.6,2,3.12,3.08,112.4,58.9,18.9
7,1,2,2,85.4,54,31.4,42.7,15.7,27,23.4,3.6,16.97,62.7,13.7,54,11.8,8.6,1.9,156,64.8,167.35,37.6,131.8,8.4,7.1,28.5,8,34,11,415,131,12,5,0.25,3,0.2,0.79,16.06,26.2,2.8,3.17,3.51,124.8,59.1,18.7
7,1,2,3,77.1,58.8,18.3,43.3,13.9,29.4,25.6,3.8,9.9,42.8,9.3,39.8,8.7,2.9,0.6,156,64.8,150.16,22.2,134.7,9.7,10.7,16.5,6.3,27,10,364,118,10,4,0.29,3,0.23,0.6,17.85,23.5,2.4,3.08,3.11,118.6,58.5,19
8,1,2,1,53.6,49,4.6,36.6,12.1,24.5,19.5,5,2.46,60,13.1,58.6,12.8,1.4,0.3,204,84.7,173.43,19.6,416.3,34.4,5.5,4.7,11.5,42,12,378,126,10,4,0.25,3,0.21,0.66,12,23.7,3.4,3,3.36,156.7,56.3,18.8
8,1,2,2,48.1,42.6,5.5,37.2,15.9,21.3,18.6,2.7,2.96,49.4,10.8,47.2,10.3,2.2,0.5,146.4,60.8,133.68,18.7,434.7,27.3,4.3,4.3,12.2,48,20,416,131,11,5,0.34,6,0.22,0.71,11.4,15.1,2.5,3.18,3.55,134.1,58.6,18.4
8,1,2,3,74.8,52.6,22.2,39.3,13,26.3,21.3,5,11.99,38.7,8.5,34.4,7.5,4.4,1,177.6,73.7,157.54,25.4,119.1,9.2,8.7,21.3,6.2,29,8,379,111,11,4,0.3,3,0.2,0.58,16.9,20.3,2,3.41,3.16,102.6,59.9,17.5
9,1,2,1,95.6,70.6,25,55.2,19.9,35.3,31.5,3.8,13.51,92,20.1,84.3,18.4,7.8,1.7,228,94.6,229.1,17.8,113.3,5.7,5.5,15.7,6,34,10,414,117,11,7,0.27,3,0.21,0.69,15.62,41.8,4.4,3.54,3.46,113.4,59.8,16.9
9,1,2,2,84.5,67.8,16.7,49,15.1,33.9,30.7,3.2,9.01,73.6,16.1,67.3,14.7,6.3,1.4,211.2,87.7,202.54,15.6,113,7.5,4.6,13.8,5.3,41,11,488,161,11,9,0.31,4,0.22,0.68,15.83,28.3,3,3.03,4.21,167.9,58,19.1
9,1,2,3,130.3,112.4,17.9,69.9,13.7,56.2,51.6,4.6,9.67,60.3,13.2,52.2,11.4,8.1,1.8,261.6,108.6,244.98,20.8,127.4,9.3,3.8,16.3,6,34,10,452,137,11,11,0.3,4,0.22,0.68,17.32,25.9,2.5,3.3,3.85,144.2,58.6,17.8
10,1,2,1,196.5,168.8,27.7,99.3,14.9,84.4,80.1,4.3,14.94,69,15,59.1,12.9,9.9,2.2,165.6,68.7,236.33,26.9,116,7.8,4.8,23.2,6.5,43,16,451,156,15,11,0.26,7,0.24,0.68,14.12,21.9,2.9,2.89,3.95,173.7,57,19.7
10,1,2,2,161.9,149.2,12.7,88.4,13.8,74.6,70.3,4.3,6.85,43.5,9.5,39.8,8.7,3.6,0.8,177.6,73.7,207.59,13.1,114.1,8.3,6,11.5,5,31,9,476,170,13,12,0.23,4,0.2,0.57,20.84,21.8,1.8,2.8,4.16,178.6,57.3,20.4
10,1,2,3,159,139.2,19.8,86.8,17.2,69.6,65,4.6,10.71,61.4,13.4,55.9,12.2,5.5,1.2,331.2,137.5,297.4,19.9,138.2,8,6.1,14.4,6.5,32,11,429,136,13,12,0.29,5,0.2,0.59,17.66,28.4,2.8,3.15,3.81,177.2,56.4,17.9
11,1,2,1,65.3,49.8,15.5,38.4,13.5,24.9,21.5,3.4,8.37,69,15.1,62.3,13.6,6.7,1.5,170.4,70.7,168.02,15.7,109.5,8.1,4,14.3,5.1,33,10,369,111,12,6,0.25,3,0.2,0.68,14.55,31.6,3.7,3.32,3.13,112.1,59,17.8
11,1,2,2,67.8,48.8,19,48.4,24,24.4,19.9,4.5,10.28,55.8,12.2,52.2,11.4,3.5,0.8,144,59.8,147.19,16.1,162.5,6.8,9.2,9.9,7.3,33,9,421,128,11,5,0.32,3,0.2,0.69,16.64,27.1,2.7,3.29,3.49,108.5,60.2,18.3
11,1,2,3,38.2,38,0.2,19.1,0.1,19,15.6,3.4,0.12,128.5,28,116.3,25.4,12.2,2.7,448.8,186.3,336.27,32.2,130.6,1187.3,0,24.7,5.8,29,10,387,98,12,5,0.27,3,0.21,0.87,16.72,65.1,6.6,3.95,3.39,148,57.1,14.5
12,1,2,1,78.9,46.4,32.5,43.9,20.7,23.2,18.3,4.9,17.54,47.2,10.3,42.6,9.3,4.6,1,81.6,33.9,115.22,23.1,117.8,5.7,12.2,19.6,6.7,36,9,398,125,11,4,0.26,3,0.2,0.63,14.53,20.7,2.3,3.18,3.3,101.2,60.3,18.9
12,1,2,2,59.3,47.8,11.5,31.7,7.8,23.9,22.1,1.8,6.23,74.1,16.2,63.7,13.9,10.4,2.3,170.4,70.7,168.05,20.4,110.5,14.1,1.9,18.5,5,45,16,425,138,45,5,0.37,5,0.2,0.76,12.51,22.8,3.3,3.08,3.82,188.4,55.7,18.1
12,1,2,3,65.3,53,12.3,34.5,8,26.5,22.3,4.2,6.64,51.1,11.1,45.8,10,5.3,1.2,144,59.8,142.83,24,125,15.6,4,19.2,5.7,31,10,393,122,10,5,0.27,3,0.26,0.6,16.61,24.4,2.5,3.22,3.29,109.6,59.7,18.5
13,1,2,1,60.7,33,27.7,36.2,19.7,16.5,13.4,3.1,14.93,57,12.4,49,10.7,8,1.7,283.2,117.5,216.47,18.1,103.2,5.2,6,17.5,5.8,35,11,393,111,16,8,0.3,4,0.2,0.61,14.4,23.3,2.7,3.54,3.39,136.2,58,16.4
13,1,2,2,43.5,31.8,11.7,26,10.1,15.9,10.9,5,6.34,42.1,9.2,35.7,7.8,6.4,1.4,213.6,88.7,161.54,15,103.3,10.2,3.2,14.5,4.6,31,10,356,105,18,10,0.23,3,0.23,0.62,14.87,19,2.2,3.39,3.08,124.4,57.9,17.1
13,1,2,3,43,41.8,1.2,21.7,0.8,20.9,17.9,3,0.67,56.2,12.3,51.8,11.3,4.5,1,324,134.5,227.7,19.3,100.9,124.6,0.5,19.1,4,32,10,368,97,15,6,0.26,3,0.2,0.62,14.53,26.9,3.1,3.79,3.18,128.2,57.9,15.3
1,2,1,1,58.4,54.2,4.2,29.2,2.1,27.1,26.6,0.5,2.28,128.2,28,92.5,20.2,35.7,7.8,264,109.6,250.9,42.3,122.1,57.9,0.3,34.6,6.9,82,55,335,131,8,5,0.24,19,0.31,1.02,5.7,14.7,6,2.6,3.4,250.5,49.5,19.4
1,2,1,2,46.8,39.4,7.4,24.3,4.6,19.7,19,0.7,3.98,105,22.9,90.7,19.8,14.3,3.1,213.6,88.7,203.51,23.2,116,25.2,0.9,20,5.1,85,51,400,136,8,4,0.31,23,0.47,1.05,6.3,14.6,4.9,2.9,3.7,208.6,53.9,18.3
1,2,1,3,45.4,32.8,12.6,22.7,6.3,16.4,15.9,0.5,6.81,123.1,26.9,103.5,22.6,19.6,4.3,309.6,128.5,264.3,32.6,123.5,19.6,1.2,26.4,6.4,87,54,353,124,8,3,0.24,25,0.35,1.14,5.5,16,6.4,2.8,3.5,241.3,50.7,17.8
2,2,1,1,46.6,45.2,1.4,23.8,1.2,22.6,22.1,0.5,0.77,109.9,24,95.3,20.8,14.6,3.2,290.4,120.5,246.5,17,115.2,95.2,0.2,14.8,4.1,95,57,382,127,8,4,0.27,22,0.46,1.04,5.4,13.7,5.4,3,3.7,232,52.2,17.3
2,2,1,2,49.1,49,0.1,24.6,0.1,24.5,24,0.5,0.07,95.4,20.8,94.8,20.7,0.6,0.1,218.4,90.7,201.18,17.7,116.9,1062.7,0.4,15.1,4.1,92,53,429,153,8,3,0.29,29,0.48,0.97,6.3,14.3,4.8,2.8,4,236.9,53.3,19
2,2,1,3,52.6,48.4,4.2,26.7,2.5,24.2,23.7,0.5,2.27,118.7,25.9,102.6,22.4,16.1,3.5,348,144.4,285.31,25.1,120.1,47.8,0.4,20.9,5.2,82,47,384,120,8,3,0.2,24,0.2,1.04,6.1,17.4,5.8,3.2,3.6,218.6,52.9,16.5
3,2,1,1,97,95.6,1.4,48.5,0.7,47.8,46.4,1.4,0.77,99.1,21.6,82.9,18.1,16.3,3.5,280.8,116.6,261.86,38,125.3,176.5,0.2,30.3,6.4,87,48,435,155,10,5,0.29,25,0.34,1.03,6.8,13.4,4.2,2.8,4.1,253.1,52.7,18.8
3,2,1,2,50.1,39.6,10.5,26,6.2,19.8,19.3,0.5,5.68,90.3,19.7,80.2,17.5,10.2,2.2,213.6,88.7,195.94,24.7,116.7,18.8,1.8,21.2,5.4,86,47,401,145,8,3,0.25,26,0.34,1.16,6.3,13.2,4.4,2.8,3.8,229.3,52.9,19.1
3,2,1,3,51.2,47.2,4,26.2,2.6,23.6,22.5,1.1,2.15,58.8,12.8,51.8,11.3,7.1,1.5,223.2,92.6,181.36,23.5,123,47.1,1,19.1,5.1,76,41,352,129,8,2,0.2,24,0.31,0.9,6.3,9.7,3.2,2.7,3.4,217.2,52,19
4,2,1,1,60.9,59.8,1.1,30.5,0.6,29.9,29.4,0.5,0.62,101.9,22.2,93.9,20.5,8,1.8,271.2,112.6,239.17,28.8,122.9,201.5,0.2,23.4,5.4,86,44,372,138,8,4,0.25,21,0.38,0.89,5.9,15.8,5.5,2.7,3.6,248.8,51,18.9
4,2,1,2,49.5,47.2,2.3,25.9,2.3,23.6,23.1,0.5,1.22,112.1,24.5,108.1,23.6,4,0.9,237.6,98.6,222.02,14.6,119.2,51.6,1,12.2,4.1,89,47,415,151,9,5,0.22,29,0.24,1.12,6.4,17.4,5.7,2.7,4,245.1,52.5,19.1
4,2,1,3,50,48.6,1.4,25,0.7,24.3,23.8,0.5,0.77,82.4,18,73.3,16,9.2,2,237.6,98.6,203.32,53.2,125.3,176.5,0.4,42.5,7.9,91,45,404,153,9,4,0.27,31,0.42,1.15,6.1,11.8,4,2.6,3.9,258.7,51.5,19.5
5,2,1,1,65,64.2,0.8,32.5,0.4,32.1,31.6,0.5,0.44,129.3,28.2,107.2,23.4,22.1,4.8,280.8,116.6,263.87,32.8,114.1,278.3,0.1,28.7,5.6,93,46,420,147,9,5,0.29,25,0.38,1.3,6.1,16.8,5.6,2.9,4,249.4,52.4,18.4
5,2,1,2,50,48.8,1.2,25.5,1.1,24.4,23.9,0.5,0.66,115.6,25.2,109.9,24,5.7,1.2,297.6,123.5,255.77,16.7,120.7,108.7,0.4,13.8,4.2,97,51,421,154,8,5,0.29,36,0.42,1.26,5.9,16.2,5.7,2.7,4.1,272.3,51.4,18.8
5,2,1,3,57.5,52.4,5.1,29.5,3.3,26.2,25.7,0.5,2.73,694.7,151.6,668.2,145.8,26.5,5.8,801.6,332.7,892.5,24.6,128.7,38.9,0.3,19.1,5.4,123,80,464,103,8,5,0.3,40,0.39,1.65,4.6,71.9,31.4,4.5,4.5,301.6,51.3,11.4
6,2,1,1,85.4,83.8,1.6,43,1.1,41.9,41.4,0.5,0.86,114.5,25,93.4,20.4,21.1,4.6,247.2,102.6,247.95,21.5,120.4,108.5,0.1,17.9,4.7,112,64,451,157,9,5,0.31,50,0.4,1.33,5.4,11.6,4.5,2.9,4.3,261.4,52.7,18.4
6,2,1,2,43.1,38,5.1,23.8,4.8,19,18.5,0.5,2.74,97.2,21.2,94.8,20.7,2.4,0.5,261.6,108.6,221.47,14.8,112.3,23.3,3.7,13.2,4.2,85,48,406,137,8,4,0.25,37,0.39,1.05,6.4,15.6,5.1,3,3.8,220.9,53.5,18
6,2,1,3,64.4,64,0.4,32.2,0.2,32,29.8,2.2,0.23,91.6,20,71.9,15.7,19.7,4.3,319.2,132.5,259.39,52.3,128.8,613.3,0,40.6,7.8,101,48,450,154,9,5,0.29,37,0.47,1.54,6,10.5,3.5,2.9,4.3,265.2,52.5,18
7,2,1,1,69.6,57.2,12.4,34.8,6.2,28.6,28.1,0.5,6.71,91.6,20,80.6,17.6,11,2.4,300,124.5,252.22,48.6,125.2,20.2,2.6,38.8,8,86,42,392,142,8,4,0.23,25,0.23,1.27,6.2,13.8,4.5,2.8,3.8,253.4,51.4,18.6
7,2,1,2,57.8,46.4,11.4,28.9,5.7,23.2,21.7,1.5,6.17,128.2,28,102.1,22.3,26.1,5.7,316.8,131.5,278.03,51.4,130,22.8,1,39.5,8.3,95,49,461,158,8,5,0.29,29,0.37,1.35,6.5,15.5,4.8,2.9,4.3,259.4,53.1,18.2
7,2,1,3,64,62.2,1.8,32,0.9,31.1,29.4,1.7,0.98,210.7,46,174.5,38.1,36.2,7.9,350.4,145.4,351.61,47.1,127.9,140.5,0.1,36.8,7.4,95,64,437,146,9,4,0.29,32,0.66,1.77,6.1,24,8.7,3,4.2,258.5,52.5,17.5
8,2,1,1,73,66.8,6.2,36.5,3.1,33.4,32.6,0.8,3.36,132.8,29,100.8,22,32.1,7,247.2,102.6,252.98,67.8,120.7,38.8,0.4,56.2,9.5,104,49,448,155,8,5,0.2,29,0.53,1.34,5.8,14.4,4.9,2.9,4.2,249.6,53.2,18.4
8,2,1,2,51.9,50.8,1.1,26,0.6,25.4,23.9,1.5,0.6,94.4,20.6,80.6,17.6,13.8,3,228,94.6,207.04,54.4,237.7,389.7,0.1,22.9,10.3,82,45,391,153,8,4,0.27,32,0.42,1.32,6.6,13.9,4.5,2.6,3.8,254.1,51.3,20.1
8,2,1,3,58.3,48.6,9.7,31.4,7.1,24.3,23.8,0.5,5.22,83.6,18.2,70.5,15.4,13.1,2.9,271.2,112.6,226.01,32.6,191.7,27,1.3,17,7.8,89,48,415,144,8,4,0.26,30,0.41,1.22,6.3,11.2,3.7,2.9,3.9,237.8,52.9,18.3
9,2,1,1,46.2,35.2,11,24.5,6.9,17.6,16.2,1.4,5.93,118.4,25.8,104,22.7,14.5,3.2,242.4,100.6,226.79,35.9,180.6,26.1,1.3,19.9,7.9,89,50,364,121,7,3,0.23,23,0.45,1.07,5.4,16.3,6.2,3,3.4,208.8,52.8,17.6
9,2,1,2,29.1,24.8,4.3,21.2,8.8,12.4,11.9,0.5,2.3,84.2,18.4,81.5,17.8,2.7,0.6,228,94.6,188.13,12.7,210.1,23.8,2.8,6,6.4,79,42,400,136,8,4,0.23,23,0.34,0.98,6.8,14.7,4.4,2.9,3.7,206.8,54,18.4
9,2,1,3,47.7,33.8,13.9,24.1,7.2,16.9,15.8,1.1,7.52,102.1,22.3,93.4,20.4,8.6,1.9,288,119.5,240.85,49.5,205,28.4,2.8,24.1,9.8,80,45,378,130,8,4,0.2,26,0.37,1.26,6.3,16.3,5.4,2.9,3.6,225.7,52.4,18
10,2,1,1,41.6,38,3.6,22.2,3.2,19,18.1,0.9,1.96,91.1,19.9,80.6,17.6,10.5,2.3,177.6,73.7,173.12,27.2,192.7,60,0.6,14.1,6.9,117,60,433,152,10,4,0.23,37,0.35,1.13,5,9.9,4.1,2.8,4.1,247.5,52.9,18.6
10,2,1,2,38.2,28.8,9.4,21.3,6.9,14.4,13.9,0.5,5.05,79.6,17.4,71.9,15.7,7.7,1.7,189.6,78.7,170.13,32,189.1,27.4,2.1,16.9,7.7,86,44,454,167,9,4,0.25,40,0.3,0.99,7.2,12.1,3.5,2.7,4.2,239.5,53.8,19.8
10,2,1,3,37.2,35.4,1.8,18.6,0.9,17.7,15.8,1.9,0.98,91.6,20,81.1,17.7,10.5,2.3,283.2,117.5,225.99,55.5,162.1,178.1,0.4,34.2,8.9,77,39,363,131,8,4,0.2,34,0.29,1.01,6.4,15.3,4.9,2.8,3.5,233.2,51.5,18.6
11,2,1,1,51,50.4,0.6,25.9,0.7,25.2,24.7,0.5,0.3,86.9,19,81.1,17.7,5.8,1.3,319.2,132.5,249.09,24.8,253,356.3,0.2,9.8,7.6,82,39,393,132,8,3,0.2,23,0.26,0.91,6.4,14.6,4.5,3,3.7,231.7,52.5,17.6
11,2,1,2,37.5,30.2,7.3,22.4,7.3,15.1,14.6,0.5,3.93,89.3,19.5,79.7,17.4,9.6,2.1,273.6,113.6,219.64,21.1,169.5,23.2,1.3,12.4,6.2,81,43,441,146,9,3,0.26,25,0.31,0.98,7.2,14,3.9,3,4.1,219.6,54.4,18
11,2,1,3,58,49.8,8.2,29,4.1,24.9,23.6,1.3,4.44,116.5,25.4,92.5,20.2,24,5.2,302.4,125.5,263.15,92.8,308.1,75,0.7,30.1,15.9,92,45,464,150,9,5,0.26,30,0.45,1.17,6.7,14.7,4.4,3.1,4.3,233.3,54.3,17.6
12,2,1,1,47.8,45.4,2.4,26.6,3.9,22.7,21.9,0.8,1.29,77.1,16.8,72.8,15.9,4.3,0.9,204,84.7,181.24,16.1,210.9,53.9,1,7.6,6.2,86,44,415,155,8,4,0.26,27,0.28,1.03,6.6,12.2,3.8,2.7,3.9,240.2,52.7,19.7
12,2,1,2,46,41,5,23,2.5,20.5,20,0.5,2.71,105.3,23,87.5,19.1,17.9,3.9,216,89.7,204.59,68.3,204.9,81.6,0.6,33.3,11.2,91,45,493,178,9,4,0.27,36,0.37,1.2,7.4,14,3.9,2.8,4.6,252.1,54.2,19.6
12,2,1,3,50.9,46.2,4.7,26.1,3,23.1,22.6,0.5,2.56,72.1,15.7,63.7,13.9,8.4,1.8,249.6,103.6,203.42,37,187.8,62.4,1,19.7,7.8,80,42,435,150,8,4,0.22,27,0.47,1.1,7.3,11.4,3.2,2.9,4,223.4,54.1,18.7
13,2,1,1,41.8,38.4,3.4,21.6,2.4,19.2,18.7,0.5,1.82,79.2,17.3,70.5,15.4,8.6,1.9,256.8,106.6,206.77,25.1,143.6,59.6,0.7,17.5,5.6,88,46,440,147,8,4,0.26,25,0.33,0.97,6.7,11.5,3.5,3,4.1,223.5,54.2,18.1
13,2,1,2,38.2,37,1.2,20.3,1.8,18.5,18,0.5,0.63,70.9,15.5,68.7,15,2.2,0.5,187.2,77.7,163.32,20.2,252.7,139.6,0.9,8,7.3,89,45,467,158,9,3,0.28,27,0.36,0.97,7,11.2,3.2,3,4.2,213.1,55.4,18.7
13,2,1,3,43.5,41.4,2.1,22.7,2,20.7,20.1,0.6,1.12,76.4,16.7,66.9,14.6,9.5,2.1,256.8,106.6,205.91,23.5,182.8,90.9,0.4,12.9,6.2,89,47,474,151,8,4,0.2,29,0.35,1,7,10.7,3.1,3.1,4.3,211.8,55.6,17.7
1,2,2,1,14.5,4.2,10.3,12.7,10.6,2.1,1.6,0.5,5.58,150.6,32.9,142.4,31.1,8.2,1.8,144,59.8,179.13,25.2,207.1,19.5,2.2,12.2,7.7,101,52,486,145,11,18,0.24,23,0.33,1.15,6.2,20.3,6.4,3.4,4.2,173.2,57.7,17.2
1,2,2,2,13.1,7,6.1,12.9,9.4,3.5,3,0.5,3.29,146.6,32,139.2,30.4,7.3,1.6,158.4,65.7,183.23,14.2,175.7,18.7,1.4,8.1,5.9,99,49,507,156,12,12,0.23,27,0.37,1.12,6.7,20.5,6,3.3,4.4,188.1,57.4,17.6
1,2,2,3,21.5,7.2,14.3,16.9,13.3,3.6,3.1,0.5,7.74,194.8,42.5,180.9,39.5,13.9,3,216,89.7,248.6,31.3,232.6,17.5,1.8,13.5,9.1,105,57,484,150,22,27,0.36,31,0.4,1.32,6,24.4,8.2,3.2,4.4,223.7,55.2,17.1
2,2,2,1,18.7,14,4.7,16.2,9.2,7,6.5,0.5,2.51,185.9,40.6,182.3,39.8,3.6,0.8,141.6,58.8,202.7,14.1,223.4,24.3,2.2,6.3,6.8,112,57,460,130,10,12,0.2,25,0.28,0.95,5.3,23.6,8.7,3.5,4,164.9,57.7,16.3
2,2,2,2,17,3.4,13.6,13,11.3,1.7,1.2,0.5,7.34,226.6,49.5,213.4,46.6,13.2,2.9,120,49.8,216.62,30.6,203.7,18,1.8,15,8.3,114,57,509,162,10,10,0.27,34,0.38,1.04,5.9,27.3,9.2,3.1,4.5,201.8,56.7,18.1
2,2,2,3,57.1,50.4,6.7,31.2,6,25.2,24.4,0.8,3.64,235.7,51.4,210.7,46,25,5.5,184.8,76.7,277.81,27.5,196.2,32.6,0.5,14,7.3,107,64,488,142,13,15,0.2,34,0.35,1.31,5.9,26.9,9.4,3.4,4.3,185.3,57.1,16.6
3,2,2,1,14.5,6.6,7.9,14.2,10.9,3.3,2.8,0.5,4.28,139.2,30.4,129.6,28.3,9.6,2.1,120,49.8,159.33,17.3,191,17.5,1.4,9.1,6.6,102,64,519,157,16,17,0.36,26,0.4,1.16,6.6,17,5.5,3.3,4.5,179.2,58,17.5
3,2,2,2,30.7,24.8,5.9,20.9,8.5,12.4,11.9,0.5,3.18,175.6,38.3,168.1,36.7,7.5,1.6,108,44.8,185.09,16.5,191.1,22.5,1.4,8.6,6.3,92,70,558,153,20,11,0.41,22,0.39,1.19,7.7,22.7,6.6,3.6,4.6,136.5,60.6,16.6
3,2,2,3,28.2,21.6,6.6,20.4,9.6,10.8,10.3,0.5,3.55,206,44.9,196.5,42.9,9.5,2.1,177.6,73.7,239.38,15.7,184.3,19.2,1.2,8.5,6.2,97,77,593,172,36,17,0.45,25,0.54,1.47,7.9,24.7,7.2,3.4,5.1,201.3,58.1,16.9
4,2,2,1,48.3,44.6,3.7,28.1,5.8,22.3,21.8,0.5,1.98,206.4,45,196.5,42.9,9.9,2.2,134.4,55.8,228.02,24,303.8,52.3,0.6,7.9,9.1,116,59,493,141,16,23,0.2,27,0.31,1.25,5.5,24.5,8.7,3.5,4.3,177.7,57.6,16.5
4,2,2,2,12.3,2.4,9.9,12.4,11.2,1.2,0.5,0.7,5.37,147.1,32.1,122.3,26.7,24.8,5.4,105.6,43.8,155.75,22.3,201,17.9,0.7,11.1,7.4,95,70,400,136,10,11,0.36,24,0.46,1.13,5.6,16.2,6.7,2.9,3.6,189.5,55,18.7
4,2,2,3,35.2,17.6,17.6,17.6,8.8,8.8,8.3,0.5,9.51,170.8,37.3,146.6,32,24.3,5.3,96,39.8,178.26,66.3,225.3,25.6,1.5,29.4,12,97,58,436,134,11,12,0.25,26,0.36,1.17,5.9,20.6,7.3,3.3,3.8,162.3,57.3,17.6
5,2,2,1,28.8,22.8,6,18.6,7.2,11.4,10.8,0.6,3.27,172.4,37.6,165.3,36.1,7.1,1.5,108,44.8,182.07,21.5,205,28.4,1.5,10.5,7,95,54,450,133,10,11,0.31,21,0.36,1.03,6.1,24.2,8,3.4,3.9,151.4,58.2,17.2
5,2,2,2,13.8,3.4,10.4,15.2,13.5,1.7,1.1,0.6,5.6,251,54.8,239.5,52.3,11.5,2.5,124.8,51.8,232.97,13.1,136.6,10.1,1.6,9.6,5.4,100,61,487,142,10,9,0.28,30,0.49,1.28,6.3,32.5,10.7,3.4,4.2,158,58.5,17.1
5,2,2,3,20.1,10.4,9.7,14.8,9.6,5.2,4.7,0.5,5.25,558.7,121.9,539.1,117.6,19.6,4.3,372,154.4,561.86,23.9,189.1,19.7,0.9,12.6,7.1,118,67,490,130,12,9,0.29,34,0.42,1.8,5.3,63.6,24,3.8,4.4,221,55.5,14.7
6,2,2,1,20.2,7.8,12.4,13.9,10,3.9,3.4,0.5,6.68,108.2,23.6,94.8,20.7,13.4,2.9,98.4,40.8,131.28,38.5,249.4,24.9,1.6,15.4,9.8,91,49,449,152,10,9,0.23,31,0.63,0.98,6.6,14.8,4.6,3,4,188.4,56.2,19
6,2,2,2,20.5,13.4,7.1,15.9,9.2,6.7,6.2,0.5,3.81,106,23.1,98.9,21.6,7.1,1.6,103.2,42.8,132.57,16.2,169.1,18.4,1.7,9.6,5.9,84,48,421,135,9,7,0.27,29,0.29,0.84,6.6,16.4,5.1,3.1,3.7,161,57.1,18.3
6,2,2,3,34.6,23.8,10.8,17.3,5.4,11.9,10.9,1,5.84,320.6,70,296.8,64.8,23.8,5.2,170.4,70.7,312.49,83.6,200.9,37.1,1,41.6,12.9,122,61,500,157,14,17,0.2,40,0.33,1.39,5.4,35.4,13,3.2,4.5,223.6,55.6,17.4
7,2,2,1,24.7,14.4,10.3,17.7,10.5,7.2,5.9,1.3,5.57,144.3,31.5,132.4,28.9,12,2.6,160.8,66.7,189.33,22.2,181,17.2,1.5,12.3,6.9,101,56,424,139,11,11,0.2,25,0.33,1.15,5.6,18.4,6.8,3.1,3.9,204.2,54.8,18
7,2,2,2,25.2,4.2,21,12.6,10.5,2.1,1.6,0.5,11.35,256.5,56,213.4,46.6,43.1,9.4,136.8,56.8,248.9,71.3,204.9,19.5,1.1,34.8,12.3,109,53,541,176,11,14,0.29,25,0.52,1.54,6.6,28.8,8.6,3.1,4.8,214.2,56.8,18.5
7,2,2,3,30.9,15,15.9,15.5,8,7.5,7,0.5,8.56,152.3,33.2,129.2,28.2,23.1,5,132,54.8,182.76,47.1,190.3,23.8,1.2,24.8,9.3,88,46,428,158,10,9,0.25,23,0.57,1.16,6.7,21,6.6,2.7,4,222.2,54,19.9
8,2,2,1,26,9.4,16.6,13,8.3,4.7,4.2,0.5,8.97,164.9,36,142.9,31.2,22,4.8,120,49.8,181.97,60.3,180.1,21.7,1.7,33.5,10.5,111,47,499,176,10,14,0.24,22,0.64,1.19,6.1,19.7,6.3,2.8,4.5,237,55,19.4
8,2,2,2,21.9,11,10.9,14.4,8.9,5.5,5,0.5,5.88,273.1,59.6,252.4,55.1,20.8,4.5,151.2,62.8,265.25,34.8,227.8,25.6,0.9,15.3,8.9,104,57,491,176,10,12,0.32,31,0.47,1.32,6.4,34.2,11.2,2.8,4.5,244.2,54.5,19.5
8,2,2,3,68.4,59.8,8.6,34.2,4.3,29.9,29.4,0.5,4.65,348.1,76,260.1,56.8,87.9,19.2,148.8,61.8,337.09,50.1,140.8,32.7,0.2,35.6,8.3,108,57,551,161,13,13,0.23,36,0.73,1.59,6.6,34.4,10.3,3.4,4.7,178.6,58.5,17.1
9,2,2,1,32.7,16.8,15.9,18.5,10.1,8.4,7.9,0.5,8.57,221.1,48.3,203.4,44.4,17.8,3.9,127.2,52.8,225.32,25.9,132,13.1,1.5,19.6,6.2,114,54,468,143,12,13,0.24,26,0.41,1.15,5.4,26.4,9.5,3.3,4.1,189.5,56.6,17.3
9,2,2,2,70.4,62.4,8,35.2,4,31.2,30.7,0.5,4.33,302.3,66,267.5,58.4,34.8,7.6,160.8,66.7,315.1,46.1,130.7,32.6,0.5,35.3,7.6,95,54,455,163,11,10,0.3,28,0.44,1.28,6.5,39.2,12.8,2.8,4.2,232.8,54.2,19.4
9,2,2,3,46.6,31.2,15.4,23.3,7.7,15.6,15.1,0.5,8.33,306.9,67,273,59.6,33.9,7.4,144,59.8,296.45,74.3,134.4,17.4,1,55.3,10.9,106,56,478,160,13,20,0.21,32,0.41,1.23,6,36.8,12.5,3,4.3,219.7,55.3,18.5
10,2,2,1,25.2,6,19.2,12.6,9.6,3,2.5,0.5,10.38,233.6,51,191,41.7,42.6,9.3,88.8,36.9,209.29,71.8,134.5,14,1,53.4,10.8,119,53,535,181,10,7,0.24,33,0.51,1.2,6,24.2,7.8,3,4.8,224.2,56.2,19
10,2,2,2,26.6,8.4,18.2,13.3,9.1,4.2,3.7,0.5,9.84,187.8,41,146.1,31.9,41.7,9.1,79.2,32.9,175.74,58.3,141.9,15.6,1,41.1,9.6,99,50,483,172,11,10,0.23,34,0.34,1.28,6.6,21.4,6.6,2.8,4.3,215.5,55.6,19.8
10,2,2,3,54.8,49.2,5.6,27.4,2.8,24.6,24.1,0.5,3.03,206.1,45,180.9,39.5,25.2,5.5,172.8,71.7,251.36,50,135.3,48.1,0.5,37,8,107,59,508,162,12,16,0.23,44,0.51,1.21,6.3,23.8,7.8,3.1,4.5,213.2,56.2,17.9
11,2,2,1,57.9,46.2,11.7,29.6,6.5,23.1,22.3,0.8,6.32,226.2,49.4,191.9,41.9,34.3,7.5,199.2,82.7,279.61,33,146.8,22.5,0.6,22.5,6.9,95,49,437,140,11,17,0.2,25,0.65,1.32,6.1,29.1,9.6,3.1,4,203.3,55.2,17.7
11,2,2,2,43.2,22.4,20.8,21.6,10.4,11.2,10.7,0.5,11.24,151.1,33,113.6,24.8,37.6,8.2,129.6,53.8,187.46,48.1,140.6,13.5,1.3,34.2,8.7,90,45,442,161,10,10,0.3,26,0.53,1.23,6.7,18.4,5.6,2.7,4.1,221.3,54.4,19.8
11,2,2,3,30.6,6.8,23.8,15.3,11.9,3.4,2.9,0.5,12.86,160.3,35,119.5,26.1,40.8,8.9,117.6,48.8,180.28,94.1,157.5,13.2,1.3,59.7,13.8,98,49,403,155,10,13,0.22,26,0.41,1.44,5.7,17.8,6.5,2.6,3.8,237.2,52.5,20.2
12,2,2,1,29.8,9.4,20.4,14.9,10.2,4.7,3,1.7,11.03,196.4,42.9,164.9,36,31.5,6.9,72,29.9,179.26,47.3,144.2,14.1,1.5,32.8,8.6,102,50,450,162,11,13,0.24,25,0.3,1.17,6,23.7,8,2.8,4.1,214.9,54.9,19.8
12,2,2,2,27.8,10.2,17.6,13.9,8.8,5.1,3.4,1.7,9.51,242.7,53,198.3,43.3,44.4,9.7,120,49.8,232.78,70.7,143.7,16.3,0.9,49.2,10.8,107,50,477,186,10,11,0.32,28,0.52,1.42,6.2,27.6,9.1,2.6,4.5,269.7,53,20.7
12,2,2,3,78.6,77.2,1.4,39.3,0.7,38.6,37.2,1.4,0.77,306.9,67,200.6,43.8,106.3,23.2,220.8,91.6,353.66,61.1,140.4,197.7,0,43.5,9,132,71,662,227,18,19,1.03,41,1.73,5.23,6.7,21.6,6.6,2.9,6,308,55.2,18.9
13,2,2,1,23.4,7.4,16,18.1,14.4,3.7,3.2,0.5,8.65,181.5,39.6,164,35.8,17.6,3.8,148.8,61.8,206.2,18.8,135.3,9.4,1.6,13.9,6,116,56,492,174,12,14,0.48,31,0.66,2.57,5.7,20.8,7.3,2.8,4.5,252.6,54.1,19.1
13,2,2,2,35.5,26,9.5,23,10,13,12.5,0.5,5.13,207.3,45.2,192.8,42.1,14.5,3.2,122.4,50.8,215.52,19.6,165.1,16.5,1.1,11.9,6.3,101,51,434,154,9,10,0.21,25,0.47,1.38,5.8,27.7,9.7,2.8,4,218.3,54.3,19.3
13,2,2,3,29.6,11,18.6,18.1,12.6,5.5,4.8,0.7,10.07,185.3,40.4,170.8,37.3,14.5,3.2,139.2,57.8,206.99,31.7,171.5,13.6,2.2,18.5,7.9,108,54,420,150,10,15,0.23,27,1.14,1.48,5.3,23,8.9,2.8,3.9,231.2,53.3,19
1,3,1,1,23.8,4.6,19.2,24.8,12.4,2.3,1.2,1.1,10.38,119.6,26.1,101.2,22.1,18.4,4,213.6,88.7,200.47,22.7,117.2,9.44,1.8,19.4,5.9,99,71,286,136,10,4,0.4,30,1.5,1,4.3,13,7.7,2.1,3.2,297.9,44.7,21.3
1,3,1,2,15.3,5,10.3,20.4,10.2,2.5,2,0.5,5.57,110.6,24.1,99.8,21.8,10.8,2.3,192,79.7,178.89,15,118.8,11.64,1.6,12.6,4.9,87,62,290,127,9,3,0.4,29,1.5,1,4.8,14.6,7.5,2.3,3.1,255.5,47.2,20.7
1,3,1,3,26.8,8.2,18.6,18.6,9.3,4.1,3.6,0.5,10.05,132.8,29,107.2,23.4,25.6,5.6,235.2,97.6,221.79,41.5,114.7,12.32,1.7,36.2,7.4,95,67,298,127,10,3,0.3,33,1.6,1.1,4.5,14.4,7.9,2.3,3.2,272.1,46.7,19.9
2,3,1,1,17.9,8.4,9.5,15,7.5,4.2,3.5,0.7,5.15,109.5,23.9,100.8,22,8.7,1.9,172.8,71.7,169.61,16.9,106.5,14.18,1.9,15.9,4.6,92,60,313,116,8,2,0.3,29,1.4,0.8,4.7,14.5,7,2.7,3.1,214,50.7,18.8
2,3,1,2,22.1,5,17.1,19.6,9.8,2.5,2,0.5,9.22,82.4,18,73.7,16.1,8.7,1.9,153.6,63.8,144.54,25.7,118.1,12.04,3.4,21.8,5.9,99,65,306,139,9,2,0.3,31,1,0.8,4.5,9.8,5.3,2.2,3.3,273.2,47,21.4
2,3,1,3,29.8,2.2,27.6,27.6,13.8,1.1,0.5,0.6,14.91,128.2,28,118.2,25.8,10.1,2.2,230.4,95.6,217.98,46,129.5,9.38,6.3,35.5,8.6,92,65,326,121,9,3,0.4,33,1.5,1,4.9,16.4,7.9,2.7,3.3,235,50,18.6
3,3,1,1,22.1,7.6,14.5,16,8,3.8,3.3,0.5,7.83,99,21.6,85.6,18.7,13.4,2.9,244.8,101.6,202.61,23,101.6,12.68,1.9,22.6,5.1,104,76,316,146,35,3,0.5,30,1.6,1.2,4.4,10.4,5.9,2.2,3.6,344.9,44,20.3
3,3,1,2,21.7,9.2,12.5,14.8,7.4,4.6,4,0.6,6.75,119.3,26,111.8,24.4,7.5,1.6,184.8,76.7,184.16,25,118.5,15.99,2.8,21.1,5.6,93,76,289,142,9,3,0.5,29,1.3,1,4.6,14.4,8.4,2,3.2,294,45.1,22.1
3,3,1,3,24,9,15,15,7.5,4.5,3.5,1,8.11,99,21.6,84.7,18.5,14.2,3.1,180,74.7,169.91,37.7,127.4,16.96,2.1,29.6,7.1,88,66,285,137,9,3,0.5,29,1.6,0.9,4.8,12,6.5,2.1,3.1,278.8,45.7,21.9
4,3,1,1,25.6,8,17.6,17.6,8.8,4,3.5,0.5,9.51,111.1,24.2,98.5,21.5,12.6,2.8,148.8,61.8,162.33,32.3,122.8,13.94,2.5,26.3,6.6,82,50,194,102,8,2,0.4,21,0.9,0.8,3.6,16.3,11.1,1.9,2.3,241.5,41.9,22
4,3,1,2,17.5,8.8,8.7,17.8,8.9,4.4,3.9,0.5,4.68,111.6,24.4,109.9,24,1.7,0.4,180,74.7,174.45,14.6,120,13.47,8.9,12.2,4.8,89,60,201,126,8,2,0.3,29,1.4,0.9,3.7,16.1,11.9,1.6,2.6,307.5,38.5,24.2
4,3,1,3,25.6,9.2,16.4,16.4,8.2,4.6,4,0.6,8.87,123.7,27,87.5,19.1,36.2,7.9,139.2,57.8,165.36,51.6,107,13.03,1,48.2,8.1,74,51,268,115,8,4,0.4,29,2,1.2,5.2,15.3,7.1,2.3,2.8,212.9,48.7,20.9
5,3,1,1,16.7,4.6,12.1,15.8,7.9,2.3,1.1,1.2,6.56,100.4,21.9,99.8,21.8,0.5,0.1,168,69.7,160.64,22.9,119.3,15.08,39.5,19.2,5.5,91,56,218,112,8,3,0.4,26,1.2,0.8,3.6,14.8,10,1.9,2.6,263.4,42.4,21.8
5,3,1,2,17,2,15,15.4,7.7,1,0.5,0.5,8.07,117.7,25.7,101.7,22.2,16,3.5,160.8,66.7,168.07,33.4,137.8,17.87,1.6,24.2,6.9,72,51,202,112,8,3,0.4,29,2.1,1.1,4.4,18,11,1.8,2.4,252.6,41.8,23.2
5,3,1,3,10.9,4.2,6.7,16,8,2.1,1.6,0.5,3.62,298.6,65.2,288.5,63,10.1,2.2,376.8,156.4,392.93,13.9,132.8,16.58,1.1,10.5,4.8,95,74,249,98,8,3,0.5,37,2.5,1.3,3.7,37.3,25.3,2.5,2.8,276.5,43.7,17.2
6,3,1,1,16.3,2.4,13.9,15.2,7.6,1.2,0.5,0.7,7.48,65.1,14.2,57.3,12.5,7.8,1.7,122.4,50.8,114.07,28.5,125.2,16.45,3,22.8,6.1,96,63,320,127,9,2,0.4,36,1.2,0.7,4.7,7.9,3.9,2.5,3.2,225,50.3,20
6,3,1,2,10.1,3.4,6.7,13.8,6.9,1.7,1.2,0.5,3.64,84.6,18.5,80.6,17.6,4,0.9,168,69.7,147,13.7,112.3,16.25,2.9,12.2,4.3,83,56,225,121,7,3,0.4,32,0.6,0.8,4.2,12.7,7.8,1.9,2.6,270.1,42.5,22.9
6,3,1,3,22,4.2,17.8,17.8,8.9,2.1,1.6,0.5,9.62,87,19,84.7,18.5,2.3,0.5,182.4,75.7,162.43,78.2,139.7,15.68,17.8,56,11.5,96,58,245,118,9,2,0.3,38,0.7,0.9,3.8,12,7.6,2.1,2.8,270.1,43.8,21.1
7,3,1,1,20.4,3.8,16.6,16.6,8.3,1.9,1.4,0.5,8.97,105.3,23,82.4,18,22.9,5,158.4,65.7,160.81,43.4,128.1,15.42,1.7,33.9,7.7,76,44,260,93,6,2,0.2,22,0.4,0.8,4.6,15,6.9,2.8,2.5,173.3,51,18.2
7,3,1,2,22.6,14,8.6,8.6,4.3,7,6.5,0.5,4.65,109.9,24,101.7,22.2,8.2,1.8,196.8,81.7,184.9,66.6,151.4,35.13,2.4,44,10.1,100,61,297,141,9,3,0.5,36,0.7,1.1,4.4,13.8,7.5,2.1,3.3,297.1,45.3,21.5
7,3,1,3,19,2,17,17,8.5,1,0.5,0.5,9.19,128.2,28,113.6,24.8,14.7,3.2,199.2,82.7,195.93,49.6,135.4,15.91,2.7,36.6,8.5,82,53,304,114,10,3,0.4,34,0.7,1,5.1,18.4,8.2,2.7,3,215.3,50.2,18.8
8,3,1,1,17.2,2.2,15,15,7.5,1.1,0.6,0.5,8.11,123.7,27,96.2,21,27.5,6,151.2,62.8,167.07,47.2,118.6,15.79,1.3,39.8,7.8,84,49,286,120,8,3,0.2,32,0.7,1,4.8,15.8,7.3,2.4,2.9,226.1,48.7,20.4
8,3,1,2,15.6,2,13.6,13.6,6.8,1,0.5,0.5,7.35,59,12.9,55.9,12.2,3.2,0.7,117.6,48.8,107.38,32.6,113.1,16.61,8.5,28.8,6.2,77,45,256,122,10,2,0.3,28,0.9,0.8,4.9,10,4.8,2.1,2.7,235.5,46.6,22.2
8,3,1,3,14.6,2,12.6,12.6,6.3,1,0.5,0.5,6.81,77.9,17,61.8,13.5,16,3.5,139.2,57.8,130.11,43.4,113.6,18,1.8,38.2,7.2,82,51,290,116,8,2,0.4,30,1.4,0.8,5,10.2,4.7,2.5,2.9,209,50,20
9,3,1,1,19.2,2,17.2,17.2,8.6,1,0.5,0.5,9.28,109.1,23.8,106.7,23.3,2.4,0.5,156,64.8,161.32,30.4,121.8,14.15,12.3,25,6.3,98,62,299,108,8,2,0.4,29,1.3,0.9,4.2,14.6,7.8,2.8,3,206,50.6,18.3
9,3,1,2,22.2,9.4,12.8,12.8,6.4,4.7,4.2,0.5,6.92,114.5,25,108.1,23.6,6.4,1.4,170.4,70.7,173.89,48.5,120.9,18.86,4.6,40.1,7.9,82,54,274,126,7,4,0.4,31,1.2,1.1,4.9,17.4,8.6,2.2,2.9,249.8,46.7,21.5
9,3,1,3,17.8,2.6,15.2,15.2,7.6,1.3,0.8,0.5,8.22,91.6,20,76.9,16.8,14.7,3.2,156,64.8,149.37,66,115,15.11,2.4,57.4,9.7,77,47,248,109,7,2,0.3,27,1.8,0.9,4.6,13.5,6.8,2.3,2.6,218.8,47.2,20.7
10,3,1,1,17.6,2,15.6,15.6,7.8,1,0.5,0.5,8.43,96.2,21,75.1,16.4,21.1,4.6,98.4,40.8,122.24,56.2,115.9,14.84,1.7,48.5,8.7,81,45,269,104,7,3,0.3,31,1.1,0.9,4.6,13,6.1,2.6,2.6,181.2,50.9,19.7
10,3,1,2,18.2,2,16.2,16.2,8.1,1,0.5,0.5,8.76,87,19,76.9,16.8,10.1,2.2,105.6,43.8,120.44,45.9,126.9,15.65,3.7,36.2,7.9,83,51,276,128,8,3,0.5,35,1.3,0.9,4.9,12.5,6.1,2.2,2.9,236.4,47.6,22.1
10,3,1,3,13.9,2,11.9,16.4,8.2,1,0.5,0.5,6.43,83.9,18.3,74.7,16.3,9.2,2,144,59.8,136.06,23,126.9,15.46,2.2,18.1,5.7,81,60,311,115,8,4,0.4,34,3,1.1,5.3,11.6,5.2,2.7,3,193.7,51.9,19.2
11,3,1,1,20.6,7.8,12.8,12.8,6.4,3.9,3.4,0.5,6.92,105.3,23,88.9,19.4,16.5,3.6,165.6,68.7,164.66,49.1,129.9,20.27,1.8,37.8,8.1,81,48,292,103,7,2,0.2,25,1.3,1,4.9,15,6.6,2.8,2.8,183.8,51.7,18.2
11,3,1,2,19.6,3,16.6,17.4,8.7,1.5,1,0.5,8.96,92.3,20.1,82.4,18,9.8,2.1,160.8,66.7,153.25,29.4,123.4,14.17,2.9,23.8,6.3,86,55,245,124,8,2,0.3,30,1.1,0.9,4.3,12.8,7.3,2,2.8,266.2,44.1,22.3
11,3,1,3,20.4,6,14.4,14.4,7.2,3,2.4,0.6,7.79,73.3,16,71.4,15.6,1.8,0.4,122.4,50.8,121.57,57.2,128.1,17.77,18,44.7,9,88,56,288,113,8,2,0.4,33,1.9,0.9,4.6,10.8,5.4,2.5,2.9,204.6,50.2,19.7
12,3,1,1,21.6,3.4,18.2,21.4,10.7,1.7,1.2,0.5,9.85,86.8,18.9,78.3,17.1,8.5,1.9,105.6,43.8,122.15,41.6,195.4,18.24,3.7,21.3,9.1,88,51,300,124,8,2,0.4,29,1.1,0.8,4.8,12.3,5.7,2.4,3,217,49.9,20.6
12,3,1,2,18.4,4.8,13.6,13.6,6.8,2.4,1.9,0.5,7.35,91.6,20,82.4,18,9.2,2,122.4,50.8,132.22,70.2,130.2,19.12,3.4,53.9,10.3,87,55,302,137,8,3,0.4,35,1.6,1.1,5,12.7,6,2.2,3.1,249.1,48.1,21.8
12,3,1,3,19.4,8.2,11.2,11.2,5.6,4.1,3.2,0.9,6.06,73.3,16,71,15.5,2.3,0.5,132,54.8,126.03,55.9,113.4,20.21,11.2,49.3,8.4,93,59,320,117,8,2,0.5,34,0.9,0.9,4.7,10.2,4.8,2.7,3.1,201,51.7,18.9
13,3,1,1,16.8,5,11.8,11.8,5.9,2.5,2,0.5,6.38,82.4,18,67.8,14.8,14.7,3.2,117.6,48.8,123,46.2,107.4,18.17,1.8,43,7.4,72,45,271,100,9,2,0.2,23,1,0.8,5.2,12.6,5.5,2.7,2.6,169.9,51.8,19.1
13,3,1,2,21.6,7.2,14.4,14.4,7.2,3.6,3.1,0.5,7.79,91.6,20,87.5,19.1,4.1,0.9,129.6,53.8,137.69,45.7,122.3,16.96,8,37.4,7.7,91,59,325,130,8,3,0.4,32,1.6,0.8,5,12.7,5.9,2.5,3.2,224.5,50.5,20.2
13,3,1,3,18.8,2.4,16.4,16.4,8.2,1.2,0.7,0.5,8.87,63.2,13.8,52.7,11.5,10.5,2.3,122.4,50.8,,35.7,116.5,14.19,3.3,30.6,6.7,98,62,285,111,8,2,0.4,29,0.8,0.7,4,7.2,4,2.6,2.9,212,49.6,19.3
1,3,2,1,47.1,40.6,6.5,15.8,7.9,20.3,16.7,3.6,3.52,155.8,34,137.4,30,18.4,4,163.2,67.7,210.04,21.8,211.4,26.73,0.6,10.3,7.2,111,63,444,166,18,17,0.3,28,0.6,1.6,5.5,17.2,6.8,2.7,4.3,271.5,52.1,19.5
1,3,2,2,42.9,40.6,2.3,9.8,4.9,20.3,14.9,5.4,1.26,124.6,27.2,115.9,25.3,8.8,1.9,187.2,77.7,200.3,12.6,211.4,43.05,0.5,6,6,110,66,411,165,18,20,0.4,31,0.7,1.4,5.2,14.4,6.2,2.5,4.1,296.4,50,20.1
1,3,2,3,62.9,55,7.9,19.4,9.7,27.5,24.2,3.3,4.27,161.8,35.3,142.4,31.1,19.4,4.2,228,94.6,256.09,21.3,210,21.63,0.7,10.1,7.3,107,65,409,145,18,18,0.4,32,0.7,1.8,5.2,18.1,7.6,2.8,4,261.2,51.5,18.3
2,3,2,1,55.4,51.2,4.2,11,5.5,25.6,19.9,5.7,2.29,119.5,26.1,104.9,22.9,14.6,3.2,153.6,63.8,186.3,19.9,207.3,37.62,0.5,9.6,6.7,112,62,397,148,13,13,0.3,27,0.7,1.2,4.9,13.2,5.8,2.7,3.8,253.1,51.6,19.2
2,3,2,2,36.3,32,4.3,13,6.5,16,10.5,5.5,2.31,79,17.2,67.3,14.7,11.6,2.5,165.6,68.7,156.23,15,182.6,28.05,0.6,8.2,5.8,129,75,408,160,14,17,0.6,32,0.7,1.4,4.4,7.2,3.6,2.5,4.1,294.9,49.9,19.6
2,3,2,3,68.7,65.8,2.9,6.4,3.2,32.9,29.3,3.6,1.58,126.2,27.5,108.5,23.7,17.7,3.9,206.4,85.7,225.21,18.6,163.5,50.93,0.3,11.4,5.5,111,67,383,131,13,13,0.3,33,0.7,1.6,4.6,13.3,6.2,2.9,3.7,237.9,51.9,17.7
3,3,2,1,75.1,65.6,9.5,24.4,12.2,32.8,30.9,1.9,5.12,107.8,23.5,95.7,20.9,12.1,2.6,129.6,53.8,176.95,26.7,275.9,22.6,1.3,9.7,9.4,102,64,460,169,21,30,0.4,28,0.5,1.3,6.2,12.6,4.5,2.7,4.3,252.9,53.3,19.6
3,3,2,2,53,50.6,2.4,6.4,3.2,25.3,23.1,2.2,1.32,118.4,25.8,103.5,22.6,14.9,3.3,170.4,70.7,193.05,13.9,145.9,45.45,0.3,9.5,4.6,96,63,452,166,22,27,0.4,26,0.5,1.3,6.4,14.2,5,2.7,4.3,258.3,52.9,19.4
3,3,2,3,43,39.8,3.2,5.6,2.8,19.9,19.1,0.8,1.72,122.9,26.8,102.1,22.3,20.8,4.5,170.4,70.7,190.48,20.4,144.3,51.35,0.3,14.1,5.2,99,64,464,166,24,35,0.3,25,0.5,1.5,6.4,13.7,4.8,2.8,4.4,255.9,53.3,19.1
4,3,2,1,52.6,49,3.6,5.8,2.9,24.5,23.8,0.7,1.97,179.8,39.2,148.4,32.4,31.4,6.9,175.2,72.7,234.59,25.1,160.4,55.12,0.2,15.6,6,124,82,463,147,17,28,0.3,26,0.6,1.5,4.9,15.7,7,3.1,4.3,231.6,54.4,17.3
4,3,2,2,55.1,54.2,0.9,3.4,1.7,27.1,26.6,0.5,0.5,202,44.1,189.2,41.3,12.8,2.8,213.6,88.7,270.1,13,191.1,111.75,0.1,6.8,5.3,103,74,490,165,21,22,0.4,28,0.4,1.8,6.4,23.3,8.4,3,4.5,250,54.2,18.2
4,3,2,3,47.2,43.8,3.4,7.6,3.8,21.9,20.3,1.6,1.84,157.1,34.3,136.9,29.9,20.1,4.4,148.8,61.8,203.39,17.1,152.9,40.13,0.3,11.2,5.1,126,81,492,153,18,20,0.4,37,0.5,1.8,5.1,14.4,6.1,3.2,4.4,222.1,55.5,17.3
5,3,2,1,60.3,56,4.3,12,6,28,26.7,1.3,2.34,110.5,24.1,97.1,21.2,13.4,2.9,228,94.6,221.83,15.2,168.8,28.09,0.6,9,5.5,123,69,436,159,14,35,0.3,29,0.6,1.6,4.8,11,4.9,2.7,4.3,286.8,51.2,18.7
5,3,2,2,75,72.2,2.8,7.2,3.6,36.1,35.6,0.5,1.54,125.7,27.4,113.1,24.7,12.6,2.7,348,144.4,301.94,17.6,178.7,49.5,0.4,9.8,5.7,92,55,464,180,14,49,0.4,34,0.8,1.7,7,16.8,5.3,2.6,4.6,320.5,50.5,19.6
5,3,2,3,44.6,38.6,6,14.4,7.2,19.3,18.4,0.9,3.26,370.5,80.9,338.9,74,31.6,6.9,446.4,185.3,493.37,19.7,188.4,26.13,0.3,10.5,6.5,114,72,447,122,12,19,0.4,39,0.8,2.1,5,39.8,16.6,3.7,4.2,248.1,53.2,14.5
6,3,2,1,87,78,9,9,4.5,39,36.5,2.5,4.87,134.6,29.4,94.8,20.7,39.8,8.7,160.8,66.7,216.76,48.2,188,41.69,0.4,25.6,9,109,63,443,155,14,12,0.3,37,0.8,1.6,5.5,12,4.7,2.9,4.1,239.8,53.5,18.7
6,3,2,2,70.6,69.2,1.4,2.6,1.3,34.6,28.3,6.3,0.74,152.6,33.3,130.1,28.4,22.5,4.9,247.2,102.6,264.29,19.6,150.8,115.11,0.1,13,5.1,123,77,448,163,15,14,0.4,39,0.6,1.4,5,14.2,6.3,2.7,4.4,295,51.2,18.6
6,3,2,3,70,64.4,5.6,5.6,2.8,32.2,25.9,6.3,3.03,110.6,24.1,75.1,16.4,35.5,7.7,218.4,90.7,222.17,60.6,225.2,80.14,0.3,26.9,10.8,105,56,433,138,14,13,0.3,35,0.7,1.7,5.4,10.2,3.8,3.1,4,220.4,54.2,17.3
7,3,2,1,108.6,108.4,0.2,1,0.5,54.2,51.5,2.7,0.13,125.8,27.5,116.3,25.4,9.5,2.1,254.4,105.6,271.48,17.8,299.2,586.67,0,5.9,7.8,121,70,460,155,14,16,0.4,32,0.7,1.7,5.1,13.3,5.5,3,4.4,268.1,52.7,17.7
7,3,2,2,78.4,69,9.4,9.4,4.7,34.5,32.5,2,5.09,233.6,51,148.4,32.4,85.2,18.6,379.2,157.4,389.02,66.3,182.2,38.68,0.3,36.4,10.7,286,174,537,201,19,13,0.6,49,0.9,2.8,2.6,7,6,2.7,5.9,529.8,45.5,17
7,3,2,3,135.7,133.2,2.5,4.6,2.3,66.6,65.2,1.4,1.34,142.5,31.1,121.4,26.5,21.2,4.6,319.2,132.5,330.47,33.7,251.6,108.92,0.2,13.4,8.6,102,62,441,153,14,21,0.3,38,0.7,1.6,5.8,16.2,6,2.9,4.3,275.6,51.8,18
8,3,2,1,59.7,54.6,5.1,9,4.5,27.3,26.3,1,2.77,132.3,28.9,108.1,23.6,24.2,5.3,208.8,86.7,225.51,26.6,187.1,41.49,0.4,14.2,6.9,127,69,440,162,14,19,0.3,34,0.8,1.7,4.7,12,5.4,2.7,4.3,289.5,51.2,18.8
8,3,2,2,76.2,76,0.2,0.4,0.2,38,34.6,3.4,,162.7,35.5,132.4,28.9,30.4,6.6,417.6,173.3,362.46,19.3,140.6,669.52,0,13.7,4.8,260,164,579,226,18,36,0.7,60,0.8,2.3,3.1,6.8,5,2.6,6.3,543.7,46.3,18.1
8,3,2,3,105.1,94.8,10.3,16.2,8.1,47.4,46.6,0.8,,140.6,30.7,109.9,24,30.7,6.7,324,134.5,315.24,24.7,154.9,19.1,0.6,15.9,6.4,199,115,532,192,16,26,0.5,54,0.7,2,3.6,7.6,4.5,2.8,5.4,406.3,49.2,17.8
9,3,2,1,81.1,68.4,12.7,16.6,8.3,34.2,27.9,6.3,,196.4,42.9,153,33.4,43.4,9.5,283.2,117.5,316.74,27.6,144.9,17.44,0.5,19,6.5,235,139,485,160,16,16,0.5,45,1,2,2.7,8.9,6.9,3,5,387.9,48.6,16
9,3,2,2,62.5,55.8,6.7,17,8.5,27.9,26.4,1.5,,163.4,35.6,141.5,30.9,21.8,4.8,247.2,102.6,266.85,13.6,137.8,16.19,0.5,9.9,5,174,106,537,193,14,15,0.5,49,0.8,2,4.2,11,5.8,2.8,5.3,355.7,51.1,18.4
9,3,2,3,78.5,74.8,3.7,7,3.5,37.4,35.9,1.5,,134.1,29.3,111.3,24.3,22.8,5,312,129.5,290.44,18.6,142.3,40.54,0.3,13.1,5.1,207,120,512,177,16,35,0.5,51,0.9,2.3,3.3,7.4,4.7,2.9,5.2,389.6,49.3,17
10,3,2,1,82.8,56.2,26.6,27.2,13.6,28.1,27.6,0.5,,186.1,40.6,131.4,28.7,54.6,11.9,271.2,112.6,304.79,35.9,147.2,10.82,0.8,24.4,7.9,245,143,561,191,16,36,0.5,66,0.9,2.2,3.1,7.4,5.1,2.9,5.7,416,49.6,16.9
10,3,2,2,59.3,42,17.3,18.8,9.4,21,20.5,0.5,,199.6,43.6,154.8,33.8,44.8,9.8,268.8,111.6,299.53,36.2,157.7,16.76,0.7,23,7.7,164,97,579,213,14,29,0.5,71,0.9,1.9,4.8,13,5.8,2.7,5.6,370.5,51.5,19
10,3,2,3,89.4,78.8,10.6,17,8.5,39.4,38.9,0.5,,177.1,38.6,147.5,32.2,29.6,6.5,348,144.4,342.56,21.9,140.4,16.5,0.6,15.6,5.8,180,107,552,189,14,23,0.5,61,1,2.2,4.1,11.2,5.8,2.9,5.4,372.3,50.9,17.4
11,3,2,1,112.1,104.6,7.5,15.6,7.8,52.3,50.4,1.9,,190.5,41.6,166.3,36.3,24.2,5.3,290.4,120.5,333.46,17,141.6,18.13,0.5,12,5.3,186,106,535,181,15,11,0.4,46,0.7,2,3.8,12.4,6.8,3,5.2,355.5,51,17.3
11,3,2,2,129,122,7,14.4,7.2,61,57.7,3.3,,255.4,55.7,225.8,49.3,29.7,6.5,355.2,147.4,417.87,19.4,159.1,22.07,0.4,12.2,5.8,189,110,604,212,16,15,0.5,52,0.8,2.4,4.3,16.5,8.2,2.8,5.9,404.6,50.9,17.9
11,3,2,3,71.6,53.8,17.8,17.8,8.9,26.9,22.5,4.4,,207.6,45.3,147.5,32.2,60.2,13.1,223.2,92.6,287.63,45.9,165.6,18.59,0.6,27.7,8.8,177,100,546,169,15,14,0.4,54,0.8,2.1,4,11.6,5.9,3.2,5.1,292.8,53.6,16.6
12,3,2,1,121.1,109,12.1,14.2,7.1,54.5,52,2.5,,171.1,37.3,133.7,29.2,37.4,8.2,201.6,83.7,279.75,31.2,146.7,20.63,0.6,21.3,6.8,178,98,559,194,14,19,0.4,48,0.8,1.9,4.2,10.6,5.2,2.9,5.3,334.6,52.3,18.2
12,3,2,2,89.2,63,26.2,26.2,13.1,31.5,30.2,1.3,,215.3,47,150.2,32.8,65,14.2,244.8,101.6,313.24,55.1,163.1,12.44,0.9,33.8,10.1,182,99,627,236,14,25,0.5,61,0.8,2.4,4.7,11.7,5.2,2.7,6.1,402.9,51.5,19.4
12,3,2,3,87.3,70.2,17.1,24.8,12.4,35.1,33.7,1.4,,153.9,33.6,122.7,26.8,31.2,6.8,297.6,123.5,300.41,26.7,155.2,12.51,0.9,17.2,7,183,106,542,190,14,27,0.4,53,0.8,2.1,4,9.3,4.9,2.9,5.3,369.3,50.7,17.8
13,3,2,1,84.1,67.8,16.3,33,16.5,33.9,32.4,1.5,,171.8,37.5,148.9,32.5,22.9,5,235.2,97.6,277.67,22,178,10.78,1.2,12.4,7.4,163,95,514,179,15,26,0.5,46,0.8,2.3,4.3,12.6,6.3,2.9,5,325.4,51.6,18
13,3,2,2,85.9,71.8,14.1,37.2,18.6,35.9,35.4,0.5,,181.8,39.7,161.2,35.2,20.6,4.5,271.2,112.6,303.77,16.3,171.9,9.24,1.2,9.5,6.9,189,110,576,213,17,23,0.5,52,0.6,2,4.2,11.8,6.1,2.7,5.7,401.6,50.4,18.6
13,3,2,3,76,43.2,32.8,32.8,16.4,21.6,21.1,0.5,,200.5,43.7,140.6,30.7,59.9,13.1,314.4,130.5,332.84,41.2,163.6,9.97,0.9,25.2,9,217,128,558,195,18,29,0.5,51,0.7,2.2,3.5,8.9,5.5,2.9,5.6,414,49.6,17.3
